Driver,f_result,points,Car,Laps,race,date,quali_result,Q1,Q2,Q3,quali_laps,fp3_result,fp3_time,fp3_gap,fp3_laps,fp2_result,fp2_time,fp2_gap,fp2_laps,fp1_result,fp1_time,fp1_gap,fp1_laps,year
Lewis Hamilton HAM,1,25,Mercedes,56,Bahrain,2021-03-28,2,1M 30.617S,1M 30.085S,1M 29.385S,18,2,1M 31.316S,0.739S,14,3,1M 31.082S,0.235S,24,4,1M 31.921S,0.527S,15,2021
Max Verstappen VER,2,18,Red Bull Racing Honda,56,Bahrain,2021-03-28,1,1M 30.499S,1M 30.318S,1M 28.997S,15,1,1M 30.577S,0S,11,1,1M 30.847S,0S,23,1,1M 31.394S,0S,12,2021
Valtteri Bottas BOT,3,16,Mercedes,56,Bahrain,2021-03-28,3,1M 31.2S,1M 30.186S,1M 29.586S,17,4,1M 31.855S,1.278S,16,5,1M 31.218S,0.371S,23,2,1M 31.692S,0.298S,17,2021
Lando Norris NOR,4,12,McLaren Mercedes,56,Bahrain,2021-03-28,7,1M 30.902S,1M 30.099S,1M 29.974S,18,16,1M 32.86S,2.283S,10,2,1M 30.942S,0.095S,25,3,1M 31.897S,0.503S,20,2021
Sergio Perez PER,5,10,Red Bull Racing Honda,56,Bahrain,2021-03-28,11,1M 31.165S,1M 30.659S,NA,11,5,1M 31.908S,1.331S,11,10,1M 31.503S,0.656S,23,6,1M 32.071S,0.677S,15,2021
Charles Leclerc LEC,6,8,Ferrari,56,Bahrain,2021-03-28,4,1M 30.691S,1M 30.01S,1M 29.678S,15,11,1M 32.482S,1.905S,17,12,1M 31.612S,0.765S,26,5,1M 31.993S,0.599S,14,2021
Daniel Ricciardo RIC,7,6,McLaren Mercedes,56,Bahrain,2021-03-28,6,1M 30.795S,1M 30.222S,1M 29.927S,18,10,1M 32.477S,1.9S,12,6,1M 31.23S,0.383S,22,9,1M 32.434S,1.04S,20,2021
Carlos Sainz SAI,8,4,Ferrari,56,Bahrain,2021-03-28,8,1M 31.653S,1M 30.009S,1M 30.215S,17,6,1M 32.108S,1.531S,16,4,1M 31.127S,0.28S,26,8,1M 32.366S,0.972S,15,2021
Yuki Tsunoda TSU,9,2,AlphaTauri Honda,56,Bahrain,2021-03-28,13,1M 30.607S,1M 31.203S,NA,9,13,1M 32.709S,2.132S,15,7,1M 31.294S,0.447S,23,14,1M 33.329S,1.935S,21,2021
Lance Stroll STR,10,1,Aston Martin Mercedes,56,Bahrain,2021-03-28,10,1M 31.261S,1M 30.624S,1M 30.601S,15,9,1M 32.431S,1.854S,13,8,1M 31.393S,0.546S,24,13,1M 33.233S,1.839S,20,2021
Kimi Räikkönen RAI,11,0,Alfa Romeo Racing Ferrari,56,Bahrain,2021-03-28,14,1M 31.547S,1M 31.238S,NA,12,7,1M 32.224S,1.647S,15,16,1M 31.862S,1.015S,15,11,1M 33.134S,1.74S,18,2021
Antonio Giovinazzi GIO,12,0,Alfa Romeo Racing Ferrari,55,Bahrain,2021-03-28,12,1M 30.998S,1M 30.708S,NA,12,12,1M 32.5S,1.923S,11,13,1M 31.74S,0.893S,27,10,1M 32.786S,1.392S,16,2021
Esteban Ocon OCO,13,0,Alpine Renault,55,Bahrain,2021-03-28,16,1M 31.724S,NA,NA,6,8,1M 32.423S,1.846S,11,11,1M 31.601S,0.754S,24,15,1M 33.528S,2.134S,20,2021
George Russell RUS,14,0,Williams Mercedes,55,Bahrain,2021-03-28,15,1M 31.316S,1M 33.43S,NA,11,17,1M 33.323S,2.746S,14,17,1M 32.331S,1.484S,28,17,1M 34.127S,2.733S,22,2021
Sebastian Vettel VET,15,0,Aston Martin Mercedes,55,Bahrain,2021-03-28,18,1M 32.056S,NA,NA,6,14,1M 32.755S,2.178S,15,14,1M 31.769S,0.922S,26,12,1M 33.157S,1.763S,21,2021
Mick Schumacher MSC,16,0,Haas Ferrari,55,Bahrain,2021-03-28,19,1M 32.449S,NA,NA,6,18,1M 33.422S,2.845S,14,18,1M 33.297S,2.45S,24,19,1M 34.501S,3.107S,16,2021
Pierre Gasly GAS,17,0,AlphaTauri Honda,52,Bahrain,2021-03-28,5,1M 30.848S,1M 30.513S,1M 29.809S,15,3,1M 31.583S,1.006S,13,9,1M 31.483S,0.636S,27,7,1M 32.195S,0.801S,23,2021
Nicholas Latifi LAT,18,0,Williams Mercedes,51,Bahrain,2021-03-28,17,1M 31.936S,NA,NA,8,20,1M 33.959S,3.382S,16,19,1M 33.4S,2.553S,28,18,1M 34.34S,2.946S,22,2021
Fernando Alonso ALO,NA,0,Alpine Renault,32,Bahrain,2021-03-28,9,1M 30.863S,1M 30.595S,1M 30.249S,15,15,1M 32.82S,2.243S,15,15,1M 31.77S,0.923S,24,16,1M 33.872S,2.478S,18,2021
Nikita Mazepin MAZ,NA,0,Haas Ferrari,0,Bahrain,2021-03-28,20,1M 33.273S,NA,NA,7,19,1M 33.622S,3.045S,14,20,1M 33.449S,2.602S,19,20,1M 34.975S,3.581S,16,2021
Max Verstappen VER,1,25,Red Bull Racing Honda,63,Emilia.Romagna,2021-04-18,3,1M 15.109S,1M 14.884S,1M 14.498S,20,1,1M 14.958S,0S,18,14,1M 16.999S,1.448S,5,3,1M 16.622S,0.058S,21,2021
Lewis Hamilton HAM,2,19,Mercedes,63,Emilia.Romagna,2021-04-18,1,1M 14.823S,1M 14.817S,1M 14.411S,23,3,1M 15.515S,0.557S,18,2,1M 15.561S,0.01S,26,2,1M 16.605S,0.041S,25,2021
Lando Norris NOR,3,15,McLaren Mercedes,63,Emilia.Romagna,2021-04-18,7,1M 15.009S,1M 14.718S,1M 14.875S,15,2,1M 15.414S,0.456S,17,8,1M 16.485S,0.934S,23,13,1M 17.935S,1.371S,16,2021
Charles Leclerc LEC,4,12,Ferrari,63,Emilia.Romagna,2021-04-18,4,1M 15.413S,1M 14.808S,1M 14.74S,19,5,1M 15.738S,0.78S,21,5,1M 16.371S,0.82S,28,6,1M 16.909S,0.345S,13,2021
Carlos Sainz SAI,5,10,Ferrari,63,Emilia.Romagna,2021-04-18,11,1M 15.406S,1M 15.199S,NA,16,7,1M 15.908S,0.95S,21,4,1M 15.834S,0.283S,30,5,1M 16.888S,0.324S,26,2021
Daniel Ricciardo RIC,6,8,McLaren Mercedes,63,Emilia.Romagna,2021-04-18,6,1M 15.669S,1M 15.033S,1M 14.826S,21,13,1M 16.253S,1.295S,17,18,1M 17.281S,1.73S,24,10,1M 17.769S,1.205S,23,2021
Pierre Gasly GAS,7,6,AlphaTauri Honda,63,Emilia.Romagna,2021-04-18,5,1M 15.548S,1M 14.927S,1M 14.79S,21,6,1M 15.89S,0.932S,22,3,1M 15.629S,0.078S,30,4,1M 16.888S,0.324S,21,2021
Lance Stroll STR,8,4,Aston Martin Mercedes,63,Emilia.Romagna,2021-04-18,10,1M 15.522S,1M 15.138S,NA,20,12,1M 16.245S,1.287S,19,10,1M 16.737S,1.186S,25,8,1M 17.489S,0.925S,19,2021
Esteban Ocon OCO,9,2,Alpine Renault,63,Emilia.Romagna,2021-04-18,9,1M 15.385S,1M 15.117S,1M 15.21S,20,10,1M 16.228S,1.27S,20,11,1M 16.817S,1.266S,27,17,1M 18.36S,1.796S,20,2021
Fernando Alonso ALO,10,1,Alpine Renault,63,Emilia.Romagna,2021-04-18,15,1M 15.832S,1M 15.593S,NA,14,9,1M 16.186S,1.228S,20,13,1M 16.835S,1.284S,27,7,1M 17.457S,0.893S,23,2021
Sergio Perez PER,11,0,Red Bull Racing Honda,63,Emilia.Romagna,2021-04-18,2,1M 15.395S,1M 14.716S,1M 14.446S,18,4,1M 15.551S,0.593S,18,6,1M 16.411S,0.86S,25,16,1M 18.228S,1.664S,15,2021
Yuki Tsunoda TSU,12,0,AlphaTauri Honda,63,Emilia.Romagna,2021-04-18,NA,NA,NA,NA,2,11,1M 16.23S,1.272S,20,7,1M 16.419S,0.868S,26,20,1M 19.781S,3.217S,11,2021
Kimi Räikkönen RAI,13,0,Alfa Romeo Racing Ferrari,63,Emilia.Romagna,2021-04-18,16,1M 15.974S,NA,NA,10,19,1M 16.803S,1.845S,23,17,1M 17.273S,1.722S,27,12,1M 17.883S,1.319S,16,2021
Antonio Giovinazzi GIO,14,0,Alfa Romeo Racing Ferrari,62,Emilia.Romagna,2021-04-18,17,1M 16.122S,NA,NA,9,18,1M 16.612S,1.654S,22,9,1M 16.513S,0.962S,25,15,1M 18.058S,1.494S,24,2021
Sebastian Vettel VET,15,0,Aston Martin Mercedes,61,Emilia.Romagna,2021-04-18,13,1M 15.459S,1M 15.394S,NA,14,14,1M 16.389S,1.431S,19,15,1M 17.092S,1.541S,27,14,1M 17.984S,1.42S,23,2021
Mick Schumacher MSC,16,0,Haas Ferrari,61,Emilia.Romagna,2021-04-18,18,1M 16.279S,NA,NA,12,16,1M 16.448S,1.49S,22,19,1M 17.35S,1.799S,28,19,1M 19.48S,2.916S,18,2021
Nikita Mazepin MAZ,17,0,Haas Ferrari,61,Emilia.Romagna,2021-04-18,19,1M 16.797S,NA,NA,12,20,1M 17.398S,2.44S,23,20,1M 17.857S,2.306S,16,18,1M 18.823S,2.259S,22,2021
Valtteri Bottas BOT,NA,0,Mercedes,30,Emilia.Romagna,2021-04-18,8,1M 14.672S,1M 14.905S,1M 14.898S,22,8,1M 15.908S,0.95S,19,1,1M 15.551S,0S,25,1,1M 16.564S,0S,23,2021
George Russell RUS,NA,0,Williams Mercedes,30,Emilia.Romagna,2021-04-18,12,1M 15.826S,1M 15.261S,NA,16,15,1M 16.427S,1.469S,20,16,1M 17.179S,1.628S,31,11,1M 17.866S,1.302S,25,2021
Nicholas Latifi LAT,NA,0,Williams Mercedes,0,Emilia.Romagna,2021-04-18,14,1M 15.653S,1M 15.593S,NA,14,17,1M 16.537S,1.579S,15,12,1M 16.823S,1.272S,29,9,1M 17.739S,1.175S,24,2021
Lewis Hamilton HAM,1,25,Mercedes,66,Portugal,2021-05-02,2,1M 18.857S,1M 17.968S,1M 18.355S,24,2,1M 18.725S,0.236S,21,1,1M 19.837S,0S,33,5,1M 19.967S,0.319S,32,2021
Max Verstappen VER,2,18,Red Bull Racing Honda,66,Portugal,2021-05-02,3,1M 19.485S,1M 18.65S,1M 18.746S,20,1,1M 18.489S,0S,21,2,1M 19.98S,0.143S,26,2,1M 19.673S,0.025S,23,2021
Valtteri Bottas BOT,3,16,Mercedes,66,Portugal,2021-05-02,1,1M 18.722S,1M 18.458S,1M 18.348S,23,3,1M 18.82S,0.331S,19,3,1M 20.181S,0.344S,28,1,1M 19.648S,0S,31,2021
Sergio Perez PER,4,12,Red Bull Racing Honda,66,Portugal,2021-05-02,4,1M 19.337S,1M 18.845S,1M 18.89S,22,4,1M 18.84S,0.351S,25,10,1M 20.516S,0.679S,28,3,1M 19.846S,0.198S,22,2021
Lando Norris NOR,5,10,McLaren Mercedes,66,Portugal,2021-05-02,7,1M 18.794S,1M 18.481S,1M 19.116S,24,8,1M 19.272S,0.783S,18,12,1M 20.757S,0.92S,28,8,1M 20.635S,0.987S,26,2021
Charles Leclerc LEC,6,8,Ferrari,66,Portugal,2021-05-02,8,1M 19.373S,1M 18.769S,1M 19.306S,29,6,1M 19.001S,0.512S,23,7,1M 20.36S,0.523S,33,4,1M 19.884S,0.236S,27,2021
Esteban Ocon OCO,7,6,Alpine Renault,66,Portugal,2021-05-02,6,1M 19.092S,1M 18.586S,1M 19.042S,17,5,1M 18.86S,0.371S,19,6,1M 20.235S,0.398S,31,10,1M 20.8S,1.152S,27,2021
Fernando Alonso ALO,8,4,Alpine Renault,66,Portugal,2021-05-02,13,1M 19.728S,1M 19.456S,NA,12,14,1M 19.949S,1.46S,20,5,1M 20.22S,0.383S,32,14,1M 21.303S,1.655S,31,2021
Daniel Ricciardo RIC,9,2,McLaren Mercedes,66,Portugal,2021-05-02,16,1M 19.839S,NA,NA,11,12,1M 19.582S,1.093S,19,8,1M 20.418S,0.581S,31,12,1M 20.995S,1.347S,31,2021
Pierre Gasly GAS,10,1,AlphaTauri Honda,66,Portugal,2021-05-02,9,1M 19.464S,1M 19.052S,1M 19.475S,26,9,1M 19.374S,0.885S,26,11,1M 20.558S,0.721S,34,6,1M 20.444S,0.796S,31,2021
Carlos Sainz SAI,11,0,Ferrari,66,Portugal,2021-05-02,5,1M 19.309S,1M 18.813S,1M 19.039S,23,7,1M 19.05S,0.561S,24,4,1M 20.197S,0.36S,33,9,1M 20.68S,1.032S,27,2021
Antonio Giovinazzi GIO,12,0,Alfa Romeo Racing Ferrari,65,Portugal,2021-05-02,12,1M 19.41S,1M 19.216S,NA,19,13,1M 19.588S,1.099S,23,17,1M 21.238S,1.401S,32,NA,NA,10S,NA,2021
Sebastian Vettel VET,13,0,Aston Martin Mercedes,65,Portugal,2021-05-02,10,1M 19.403S,1M 18.97S,1M 19.659S,22,18,1M 20.214S,1.725S,21,15,1M 21.074S,1.237S,32,16,1M 21.405S,1.757S,31,2021
Lance Stroll STR,14,0,Aston Martin Mercedes,65,Portugal,2021-05-02,17,1M 19.913S,NA,NA,10,16,1M 20.09S,1.601S,17,9,1M 20.427S,0.59S,31,11,1M 20.894S,1.246S,29,2021
Yuki Tsunoda TSU,15,0,AlphaTauri Honda,65,Portugal,2021-05-02,14,1M 19.684S,1M 19.463S,NA,17,11,1M 19.485S,0.996S,25,14,1M 21.053S,1.216S,33,13,1M 21.09S,1.442S,28,2021
George Russell RUS,16,0,Williams Mercedes,65,Portugal,2021-05-02,11,1M 19.797S,1M 19.109S,NA,15,17,1M 20.127S,1.638S,18,13,1M 20.976S,1.139S,32,7,1M 20.529S,0.881S,29,2021
Mick Schumacher MSC,17,0,Haas Ferrari,64,Portugal,2021-05-02,19,1M 20.452S,NA,NA,11,15,1M 20.033S,1.544S,22,18,1M 21.537S,1.7S,29,18,1M 21.939S,2.291S,29,2021
Nicholas Latifi LAT,18,0,Williams Mercedes,64,Portugal,2021-05-02,18,1M 20.285S,NA,NA,9,19,1M 20.681S,2.192S,19,19,1M 21.855S,2.018S,31,19,1M 22.293S,2.645S,29,2021
Nikita Mazepin MAZ,19,0,Haas Ferrari,64,Portugal,2021-05-02,20,1M 20.912S,NA,NA,11,20,1M 20.69S,2.201S,20,20,1M 22.638S,2.801S,28,20,1M 24.224S,4.576S,29,2021
Kimi Räikkönen RAI,NA,0,Alfa Romeo Racing Ferrari,1,Portugal,2021-05-02,15,1M 19.748S,1M 19.812S,NA,19,10,1M 19.415S,0.926S,26,16,1M 21.225S,1.388S,22,15,1M 21.381S,1.733S,25,2021
Lewis Hamilton HAM,1,25,Mercedes,66,Spain,2021-05-09,1,1M 18.245S,1M 17.166S,1M 16.741S,19,2,1M 18.07S,0.235S,14,1,1M 18.17S,0S,32,3,1M 18.627S,0.123S,22,2021
Max Verstappen VER,2,19,Red Bull Racing Honda,66,Spain,2021-05-09,2,1M 18.09S,1M 16.922S,1M 16.777S,14,1,1M 17.835S,0S,11,9,1M 18.785S,0.615S,26,2,1M 18.537S,0.033S,19,2021
Valtteri Bottas BOT,3,15,Mercedes,66,Spain,2021-05-09,3,1M 18.005S,1M 17.142S,1M 16.873S,16,5,1M 18.423S,0.588S,15,2,1M 18.309S,0.139S,31,1,1M 18.504S,0S,25,2021
Charles Leclerc LEC,4,12,Ferrari,66,Spain,2021-05-09,4,1M 18.041S,1M 17.717S,1M 17.51S,18,3,1M 18.308S,0.473S,17,3,1M 18.335S,0.165S,28,5,1M 18.996S,0.492S,25,2021
Sergio Perez PER,5,10,Red Bull Racing Honda,66,Spain,2021-05-09,8,1M 18.203S,1M 17.669S,1M 17.701S,17,10,1M 18.606S,0.771S,16,10,1M 18.918S,0.748S,23,9,1M 19.349S,0.845S,17,2021
Daniel Ricciardo RIC,6,8,McLaren Mercedes,66,Spain,2021-05-09,7,1M 18.264S,1M 17.719S,1M 17.622S,14,8,1M 18.582S,0.747S,21,15,1M 19.195S,1.025S,28,14,1M 19.732S,1.228S,24,2021
Carlos Sainz SAI,7,6,Ferrari,66,Spain,2021-05-09,6,1M 18.205S,1M 17.656S,1M 17.62S,15,4,1M 18.41S,0.575S,18,8,1M 18.674S,0.504S,30,6,1M 19.02S,0.516S,22,2021
Lando Norris NOR,8,4,McLaren Mercedes,65,Spain,2021-05-09,9,1M 17.821S,1M 17.696S,1M 18.01S,17,6,1M 18.494S,0.659S,14,12,1M 19.092S,0.922S,28,4,1M 18.944S,0.44S,24,2021
Esteban Ocon OCO,9,2,Alpine Renault,65,Spain,2021-05-09,5,1M 18.281S,1M 17.743S,1M 17.58S,15,13,1M 18.7S,0.865S,15,4,1M 18.466S,0.296S,29,12,1M 19.681S,1.177S,25,2021
Pierre Gasly GAS,10,1,AlphaTauri Honda,65,Spain,2021-05-09,12,1M 18.19S,1M 17.982S,NA,9,7,1M 18.535S,0.7S,17,6,1M 18.593S,0.423S,32,7,1M 19.062S,0.558S,26,2021
Lance Stroll STR,11,0,Aston Martin Mercedes,65,Spain,2021-05-09,11,1M 18.241S,1M 17.974S,NA,12,14,1M 18.877S,1.042S,18,14,1M 19.134S,0.964S,29,10,1M 19.429S,0.925S,25,2021
Kimi Räikkönen RAI,12,0,Alfa Romeo Racing Ferrari,65,Spain,2021-05-09,17,1M 18.917S,NA,NA,6,9,1M 18.597S,0.762S,18,16,1M 19.213S,1.043S,30,NA,NA,10S,NA,2021
Sebastian Vettel VET,13,0,Aston Martin Mercedes,65,Spain,2021-05-09,13,1M 18.289S,1M 18.079S,NA,12,17,1M 19.363S,1.528S,18,11,1M 18.947S,0.777S,30,8,1M 19.234S,0.73S,24,2021
George Russell RUS,14,0,Williams Mercedes,65,Spain,2021-05-09,15,1M 18.445S,1M 19.154S,NA,11,15,1M 19.005S,1.17S,17,17,1M 19.957S,1.787S,29,NA,NA,10S,NA,2021
Antonio Giovinazzi GIO,15,0,Alfa Romeo Racing Ferrari,65,Spain,2021-05-09,14,1M 18.549S,1M 18.356S,NA,12,16,1M 19.214S,1.379S,19,13,1M 19.122S,0.952S,29,13,1M 19.694S,1.19S,23,2021
Nicholas Latifi LAT,16,0,Williams Mercedes,65,Spain,2021-05-09,19,1M 19.219S,NA,NA,9,18,1M 19.392S,1.557S,16,18,1M 20.046S,1.876S,26,16,1M 20.27S,1.766S,25,2021
Fernando Alonso ALO,17,0,Alpine Renault,65,Spain,2021-05-09,10,1M 18.281S,1M 17.966S,1M 18.147S,17,11,1M 18.662S,0.827S,18,5,1M 18.518S,0.348S,30,15,1M 19.95S,1.446S,25,2021
Mick Schumacher MSC,18,0,Haas Ferrari,64,Spain,2021-05-09,18,1M 19.117S,NA,NA,9,19,1M 19.999S,2.164S,17,19,1M 20.326S,2.156S,30,18,1M 20.766S,2.262S,23,2021
Nikita Mazepin MAZ,19,0,Haas Ferrari,64,Spain,2021-05-09,20,1M 19.807S,NA,NA,9,20,1M 20.237S,2.402S,15,20,1M 20.753S,2.583S,27,20,1M 21.976S,3.472S,22,2021
Yuki Tsunoda TSU,NA,0,AlphaTauri Honda,6,Spain,2021-05-09,16,1M 18.556S,NA,NA,6,12,1M 18.673S,0.838S,21,7,1M 18.619S,0.449S,30,11,1M 19.669S,1.165S,22,2021
Max Verstappen VER,1,25,Red Bull Racing Honda,78,Monaco,2021-05-23,2,1M 11.124S,1M 10.65S,1M 10.576S,23,1,1M 11.294S,0S,19,4,1M 12.081S,0.397S,27,3,1M 12.648S,0.161S,39,2021
Carlos Sainz SAI,2,18,Ferrari,78,Monaco,2021-05-23,4,1M 11.324S,1M 10.806S,1M 10.611S,25,2,1M 11.341S,0.047S,28,2,1M 11.796S,0.112S,32,2,1M 12.606S,0.119S,32,2021
Lando Norris NOR,3,15,McLaren Mercedes,78,Monaco,2021-05-23,5,1M 11.321S,1M 11.031S,1M 10.62S,23,6,1M 11.988S,0.694S,20,6,1M 12.379S,0.695S,24,7,1M 13.236S,0.749S,31,2021
Sergio Perez PER,4,12,Red Bull Racing Honda,78,Monaco,2021-05-23,9,1M 11.644S,1M 11.019S,1M 11.573S,26,5,1M 11.817S,0.523S,18,8,1M 12.708S,1.024S,24,1,1M 12.487S,0S,36,2021
Sebastian Vettel VET,5,10,Aston Martin Mercedes,78,Monaco,2021-05-23,8,1M 12.078S,1M 11.309S,1M 11.419S,26,10,1M 12.537S,1.243S,24,10,1M 12.982S,1.298S,26,8,1M 13.732S,1.245S,33,2021
Pierre Gasly GAS,6,8,AlphaTauri Honda,78,Monaco,2021-05-23,6,1M 11.56S,1M 11.179S,1M 10.9S,30,9,1M 12.357S,1.063S,28,7,1M 12.498S,0.814S,28,4,1M 12.929S,0.442S,37,2021
Lewis Hamilton HAM,7,7,Mercedes,78,Monaco,2021-05-23,7,1M 11.622S,1M 11.116S,1M 11.095S,30,7,1M 12.02S,0.726S,20,3,1M 12.074S,0.39S,28,5,1M 12.995S,0.508S,34,2021
Lance Stroll STR,8,4,Aston Martin Mercedes,77,Monaco,2021-05-23,13,1M 11.979S,1M 11.6S,NA,20,12,1M 12.7S,1.406S,22,13,1M 13.195S,1.511S,26,11,1M 14.09S,1.603S,33,2021
Esteban Ocon OCO,9,2,Alpine Renault,77,Monaco,2021-05-23,11,1M 11.74S,1M 11.486S,NA,22,20,1M 13.614S,2.32S,18,14,1M 13.199S,1.515S,28,16,1M 14.32S,1.833S,37,2021
Antonio Giovinazzi GIO,10,1,Alfa Romeo Racing Ferrari,77,Monaco,2021-05-23,10,1M 11.658S,1M 11.409S,1M 11.779S,28,11,1M 12.539S,1.245S,21,9,1M 12.746S,1.062S,28,12,1M 14.106S,1.619S,27,2021
Kimi Räikkönen RAI,11,0,Alfa Romeo Racing Ferrari,77,Monaco,2021-05-23,14,1M 11.899S,1M 11.642S,NA,21,8,1M 12.298S,1.004S,25,11,1M 13.065S,1.381S,31,10,1M 14.081S,1.594S,31,2021
Daniel Ricciardo RIC,12,0,McLaren Mercedes,77,Monaco,2021-05-23,12,1M 11.747S,1M 11.598S,NA,21,13,1M 12.959S,1.665S,25,15,1M 13.257S,1.573S,26,15,1M 14.281S,1.794S,36,2021
Fernando Alonso ALO,13,0,Alpine Renault,77,Monaco,2021-05-23,17,1M 12.205S,NA,NA,12,15,1M 13.329S,2.035S,19,12,1M 13.175S,1.491S,27,13,1M 14.205S,1.718S,37,2021
George Russell RUS,14,0,Williams Mercedes,77,Monaco,2021-05-23,15,1M 12.016S,1M 11.83S,NA,24,17,1M 13.447S,2.153S,29,16,1M 13.509S,1.825S,32,19,1M 14.84S,2.353S,35,2021
Nicholas Latifi LAT,15,0,Williams Mercedes,77,Monaco,2021-05-23,18,1M 12.366S,NA,NA,14,18,1M 13.475S,2.181S,22,17,1M 13.593S,1.909S,31,14,1M 14.268S,1.781S,41,2021
Yuki Tsunoda TSU,16,0,AlphaTauri Honda,77,Monaco,2021-05-23,16,1M 12.096S,NA,NA,13,19,1M 13.522S,2.228S,30,20,1M 14.829S,3.145S,11,9,1M 13.746S,1.259S,39,2021
Nikita Mazepin MAZ,17,0,Haas Ferrari,75,Monaco,2021-05-23,19,1M 12.958S,NA,NA,12,16,1M 13.39S,2.096S,20,18,1M 14.407S,2.723S,26,17,1M 14.616S,2.129S,33,2021
Mick Schumacher MSC,18,0,Haas Ferrari,75,Monaco,2021-05-23,NA,NA,NA,NA,NA,14,1M 13.139S,1.845S,21,19,1M 14.416S,2.732S,25,18,1M 14.801S,2.314S,35,2021
Valtteri Bottas BOT,NA,0,Mercedes,29,Monaco,2021-05-23,3,1M 10.938S,1M 10.695S,1M 10.601S,28,4,1M 11.765S,0.471S,21,5,1M 12.107S,0.423S,32,6,1M 13.131S,0.644S,36,2021
Charles Leclerc LEC,NA,0,Ferrari,0,Monaco,2021-05-23,1,1M 11.113S,1M 10.597S,1M 10.346S,27,3,1M 11.552S,0.258S,27,1,1M 11.684S,0S,30,20,1M 19.618S,7.131S,4,2021
Sergio Perez PER,1,25,Red Bull Racing Honda,51,Azerbaijan,2021-06-06,7,1M 41.968S,1M 41.63S,1M 41.917S,18,2,1M 42.595S,0.344S,19,1,1M 42.115S,0S,22,4,1M 43.63S,0.446S,17,2021
Sebastian Vettel VET,2,18,Aston Martin Mercedes,51,Azerbaijan,2021-06-06,11,1M 42.46S,1M 42.224S,NA,15,11,1M 43.585S,1.334S,13,15,1M 43.881S,1.766S,22,15,1M 45.415S,2.231S,24,2021
Pierre Gasly GAS,3,15,AlphaTauri Honda,51,Azerbaijan,2021-06-06,4,1M 42.288S,1M 41.932S,1M 41.565S,18,1,1M 42.251S,0S,16,5,1M 42.534S,0.419S,26,6,1M 43.757S,0.573S,23,2021
Charles Leclerc LEC,4,12,Ferrari,51,Azerbaijan,2021-06-06,1,1M 42.241S,1M 41.659S,1M 41.218S,19,4,1M 42.778S,0.527S,16,4,1M 42.436S,0.321S,22,2,1M 43.227S,0.043S,20,2021
Lando Norris NOR,5,10,McLaren Mercedes,51,Azerbaijan,2021-06-06,6,1M 42.167S,1M 41.813S,1M 41.747S,20,6,1M 43.011S,0.76S,15,8,1M 43.018S,0.903S,24,8,1M 43.996S,0.812S,20,2021
Fernando Alonso ALO,6,8,Alpine Renault,51,Azerbaijan,2021-06-06,9,1M 42.934S,1M 42.195S,1M 42.327S,20,7,1M 43.08S,0.829S,15,6,1M 42.693S,0.578S,24,9,1M 44.777S,1.593S,25,2021
Yuki Tsunoda TSU,7,6,AlphaTauri Honda,51,Azerbaijan,2021-06-06,8,1M 42.521S,1M 41.654S,1M 42.211S,19,8,1M 43.244S,0.993S,19,10,1M 43.13S,1.015S,25,14,1M 45.384S,2.2S,25,2021
Carlos Sainz SAI,8,4,Ferrari,51,Azerbaijan,2021-06-06,5,1M 42.121S,1M 41.74S,1M 41.576S,18,5,1M 43.006S,0.755S,17,3,1M 42.243S,0.128S,24,3,1M 43.521S,0.337S,20,2021
Daniel Ricciardo RIC,9,2,McLaren Mercedes,51,Azerbaijan,2021-06-06,13,1M 42.304S,1M 42.558S,NA,14,10,1M 43.557S,1.306S,17,13,1M 43.298S,1.183S,23,5,1M 43.732S,0.548S,25,2021
Kimi Räikkönen RAI,10,1,Alfa Romeo Racing Ferrari,51,Azerbaijan,2021-06-06,14,1M 42.923S,1M 42.587S,NA,15,14,1M 43.826S,1.575S,17,12,1M 43.22S,1.105S,23,11,1M 44.943S,1.759S,18,2021
Antonio Giovinazzi GIO,11,0,Alfa Romeo Racing Ferrari,51,Azerbaijan,2021-06-06,NA,NA,NA,NA,4,17,1M 44.113S,1.862S,11,7,1M 42.941S,0.826S,25,12,1M 45.092S,1.908S,20,2021
Valtteri Bottas BOT,12,0,Mercedes,51,Azerbaijan,2021-06-06,10,1M 42.701S,1M 42.106S,1M 42.659S,21,13,1M 43.745S,1.494S,16,16,1M 44.184S,2.069S,23,10,1M 44.891S,1.707S,20,2021
Mick Schumacher MSC,13,0,Haas Ferrari,51,Azerbaijan,2021-06-06,17,1M 44.158S,NA,NA,10,19,1M 45.282S,3.031S,17,19,1M 46.095S,3.98S,12,19,1M 46.899S,3.715S,20,2021
Nikita Mazepin MAZ,14,0,Haas Ferrari,51,Azerbaijan,2021-06-06,18,1M 44.238S,NA,NA,9,20,1M 45.711S,3.46S,12,18,1M 45.563S,3.448S,23,20,1M 46.945S,3.761S,18,2021
Lewis Hamilton HAM,15,0,Mercedes,51,Azerbaijan,2021-06-06,2,1M 41.545S,1M 41.634S,1M 41.45S,21,3,1M 42.697S,0.446S,16,11,1M 43.156S,1.041S,24,7,1M 43.893S,0.709S,20,2021
Nicholas Latifi LAT,16,0,Williams Mercedes,51,Azerbaijan,2021-06-06,16,1M 43.128S,NA,NA,8,16,1M 44.054S,1.803S,17,20,1M 46.983S,4.868S,5,18,1M 45.774S,2.59S,22,2021
George Russell RUS,17,0,Williams Mercedes,48,Azerbaijan,2021-06-06,15,1M 42.728S,1M 42.758S,NA,12,18,1M 44.434S,2.183S,12,17,1M 44.557S,2.442S,24,17,1M 45.452S,2.268S,24,2021
Max Verstappen VER,18,0,Red Bull Racing Honda,45,Azerbaijan,2021-06-06,3,1M 41.76S,1M 41.625S,1M 41.563S,19,15,1M 43.984S,1.733S,6,2,1M 42.216S,0.101S,23,1,1M 43.184S,0S,19,2021
Lance Stroll STR,NA,0,Aston Martin Mercedes,29,Azerbaijan,2021-06-06,NA,NA,NA,NA,2,12,1M 43.682S,1.431S,13,14,1M 43.812S,1.697S,21,13,1M 45.234S,2.05S,23,2021
Esteban Ocon OCO,NA,0,Alpine Renault,3,Azerbaijan,2021-06-06,12,1M 42.426S,1M 42.273S,NA,11,9,1M 43.294S,1.043S,15,9,1M 43.02S,0.905S,23,16,1M 45.446S,2.262S,23,2021
Max Verstappen VER,1,26,Red Bull Racing Honda,53,France,2021-06-20,1,1M 31.001S,1M 31.08S,1M 29.99S,16,1,1M 31.3S,0S,11,1,1M 32.872S,0S,21,3,1M 33.88S,0.432S,23,2021
Lewis Hamilton HAM,2,18,Mercedes,53,France,2021-06-20,2,1M 31.237S,1M 30.788S,1M 30.248S,20,5,1M 32.266S,0.966S,15,3,1M 33.125S,0.253S,23,2,1M 33.783S,0.335S,21,2021
Sergio Perez PER,3,15,Red Bull Racing Honda,53,France,2021-06-20,4,1M 31.56S,1M 30.971S,1M 30.445S,16,4,1M 32.238S,0.938S,15,12,1M 33.921S,1.049S,24,4,1M 34.193S,0.745S,25,2021
Valtteri Bottas BOT,4,12,Mercedes,53,France,2021-06-20,3,1M 31.669S,1M 30.735S,1M 30.376S,16,2,1M 32.047S,0.747S,14,2,1M 32.88S,0.008S,27,1,1M 33.448S,0S,24,2021
Lando Norris NOR,5,10,McLaren Mercedes,53,France,2021-06-20,8,1M 31.733S,1M 31.542S,1M 31.252S,18,6,1M 32.336S,1.036S,14,10,1M 33.822S,0.95S,24,9,1M 34.707S,1.259S,21,2021
Daniel Ricciardo RIC,6,8,McLaren Mercedes,53,France,2021-06-20,10,1M 32.181S,1M 31.615S,1M 31.382S,21,10,1M 32.759S,1.459S,14,14,1M 34.079S,1.207S,24,6,1M 34.644S,1.196S,24,2021
Pierre Gasly GAS,7,6,AlphaTauri Honda,53,France,2021-06-20,6,1M 31.898S,1M 31.353S,1M 30.868S,22,9,1M 32.707S,1.407S,16,7,1M 33.696S,0.824S,25,8,1M 34.699S,1.251S,20,2021
Fernando Alonso ALO,8,4,Alpine Renault,53,France,2021-06-20,9,1M 32.158S,1M 31.549S,1M 31.34S,17,7,1M 32.624S,1.324S,15,4,1M 33.34S,0.468S,25,7,1M 34.693S,1.245S,21,2021
Sebastian Vettel VET,9,2,Aston Martin Mercedes,53,France,2021-06-20,12,1M 32.132S,1M 31.767S,NA,12,14,1M 33.2S,1.9S,18,15,1M 34.447S,1.575S,25,15,1M 35.289S,1.841S,16,2021
Lance Stroll STR,10,1,Aston Martin Mercedes,53,France,2021-06-20,NA,2M 12.584S,NA,NA,7,13,1M 33.051S,1.751S,15,16,1M 34.632S,1.76S,24,14,1M 35.275S,1.827S,23,2021
Carlos Sainz SAI,11,0,Ferrari,53,France,2021-06-20,5,1M 32.079S,1M 31.146S,1M 30.84S,19,3,1M 32.195S,0.895S,17,8,1M 33.698S,0.826S,24,16,1M 35.342S,1.894S,24,2021
George Russell RUS,12,0,Williams Mercedes,52,France,2021-06-20,14,1M 33.06S,1M 32.065S,NA,13,16,1M 33.364S,2.064S,16,17,1M 35.266S,2.394S,25,NA,NA,10S,NA,2021
Yuki Tsunoda TSU,13,0,AlphaTauri Honda,52,France,2021-06-20,NA,NA,NA,NA,2,17,1M 33.424S,2.124S,17,13,1M 33.955S,1.083S,25,10,1M 34.847S,1.399S,22,2021
Esteban Ocon OCO,14,0,Alpine Renault,52,France,2021-06-20,11,1M 32.139S,1M 31.736S,NA,10,8,1M 32.681S,1.381S,16,6,1M 33.685S,0.813S,23,5,1M 34.329S,0.881S,25,2021
Antonio Giovinazzi GIO,15,0,Alfa Romeo Racing Ferrari,52,France,2021-06-20,13,1M 32.722S,1M 31.813S,NA,13,12,1M 33.017S,1.717S,17,11,1M 33.831S,0.959S,23,12,1M 35.116S,1.668S,23,2021
Charles Leclerc LEC,16,0,Ferrari,52,France,2021-06-20,7,1M 32.209S,1M 31.567S,1M 30.987S,20,11,1M 32.82S,1.52S,15,5,1M 33.55S,0.678S,23,11,1M 34.95S,1.502S,24,2021
Kimi Räikkönen RAI,17,0,Alfa Romeo Racing Ferrari,52,France,2021-06-20,17,1M 33.354S,NA,NA,7,15,1M 33.328S,2.028S,16,9,1M 33.786S,0.914S,26,13,1M 35.135S,1.687S,20,2021
Nicholas Latifi LAT,18,0,Williams Mercedes,52,France,2021-06-20,16,1M 33.062S,NA,NA,7,18,1M 33.584S,2.284S,16,18,1M 35.331S,2.459S,25,17,1M 35.612S,2.164S,22,2021
Mick Schumacher MSC,19,0,Haas Ferrari,52,France,2021-06-20,15,1M 32.942S,NA,NA,7,19,1M 34.143S,2.843S,14,19,1M 35.512S,2.64S,24,19,1M 37.329S,3.881S,14,2021
Nikita Mazepin MAZ,20,0,Haas Ferrari,52,France,2021-06-20,18,1M 33.554S,NA,NA,7,20,1M 34.642S,3.342S,13,20,1M 35.551S,2.679S,23,18,1M 36.651S,3.203S,24,2021
Max Verstappen VER,1,25,Red Bull Racing Honda,71,Styria,2021-06-27,1,1M 4.489S,1M 4.433S,1M 3.841S,20,2,1M 4.573S,0.204S,16,1,1M 5.412S,0S,37,1,1M 5.91S,0S,34,2021
Lewis Hamilton HAM,2,19,Mercedes,71,Styria,2021-06-27,3,1M 4.672S,1M 4.512S,1M 4.067S,25,1,1M 4.369S,0S,19,4,1M 5.796S,0.384S,35,3,1M 6.332S,0.422S,32,2021
Valtteri Bottas BOT,3,15,Mercedes,71,Styria,2021-06-27,2,1M 4.537S,1M 4.443S,1M 4.035S,23,3,1M 4.832S,0.463S,25,12,1M 6.251S,0.839S,32,4,1M 6.386S,0.476S,34,2021
Sergio Perez PER,4,12,Red Bull Racing Honda,71,Styria,2021-06-27,5,1M 4.638S,1M 4.197S,1M 4.168S,21,4,1M 5.026S,0.657S,21,9,1M 6.089S,0.677S,36,13,1M 6.696S,0.786S,33,2021
Lando Norris NOR,5,10,McLaren Mercedes,70,Styria,2021-06-27,4,1M 4.584S,1M 4.298S,1M 4.12S,17,19,1M 6.654S,2.285S,19,7,1M 5.994S,0.582S,39,16,1M 6.861S,0.951S,35,2021
Carlos Sainz SAI,6,8,Ferrari,70,Styria,2021-06-27,12,1M 4.859S,1M 4.8S,NA,15,13,1M 5.698S,1.329S,22,11,1M 6.147S,0.735S,39,11,1M 6.63S,0.72S,33,2021
Charles Leclerc LEC,7,6,Ferrari,70,Styria,2021-06-27,7,1M 4.745S,1M 4.646S,1M 4.472S,21,7,1M 5.34S,0.971S,21,13,1M 6.27S,0.858S,39,10,1M 6.629S,0.719S,36,2021
Lance Stroll STR,8,4,Aston Martin Mercedes,70,Styria,2021-06-27,10,1M 4.821S,1M 4.663S,1M 4.708S,18,9,1M 5.445S,1.076S,18,8,1M 6.079S,0.667S,36,8,1M 6.584S,0.674S,33,2021
Fernando Alonso ALO,9,2,Alpine Renault,70,Styria,2021-06-27,9,1M 4.971S,1M 4.582S,1M 4.574S,18,8,1M 5.4S,1.031S,24,5,1M 5.827S,0.415S,39,6,1M 6.519S,0.609S,36,2021
Yuki Tsunoda TSU,10,1,AlphaTauri Honda,70,Styria,2021-06-27,8,1M 4.608S,1M 4.631S,1M 4.514S,21,5,1M 5.15S,0.781S,23,15,1M 6.451S,1.039S,39,5,1M 6.397S,0.487S,36,2021
Kimi Räikkönen RAI,11,0,Alfa Romeo Racing Ferrari,70,Styria,2021-06-27,18,1M 5.429S,NA,NA,8,15,1M 5.942S,1.573S,25,14,1M 6.297S,0.885S,41,NA,NA,10S,NA,2021
Sebastian Vettel VET,12,0,Aston Martin Mercedes,70,Styria,2021-06-27,14,1M 5.051S,1M 4.875S,NA,15,10,1M 5.492S,1.123S,20,6,1M 5.934S,0.522S,38,14,1M 6.708S,0.798S,32,2021
Daniel Ricciardo RIC,13,0,McLaren Mercedes,70,Styria,2021-06-27,13,1M 5.142S,1M 4.808S,NA,14,17,1M 6.116S,1.747S,20,2,1M 5.748S,0.336S,35,12,1M 6.669S,0.759S,38,2021
Esteban Ocon OCO,14,0,Alpine Renault,70,Styria,2021-06-27,17,1M 5.217S,NA,NA,6,12,1M 5.676S,1.307S,22,3,1M 5.79S,0.378S,35,7,1M 6.551S,0.641S,35,2021
Antonio Giovinazzi GIO,15,0,Alfa Romeo Racing Ferrari,70,Styria,2021-06-27,15,1M 5.092S,1M 4.913S,NA,17,11,1M 5.556S,1.187S,24,10,1M 6.145S,0.733S,37,9,1M 6.614S,0.704S,29,2021
Mick Schumacher MSC,16,0,Haas Ferrari,69,Styria,2021-06-27,19,1M 6.041S,NA,NA,8,16,1M 5.992S,1.623S,24,17,1M 6.886S,1.474S,29,18,1M 7.473S,1.563S,30,2021
Nicholas Latifi LAT,17,0,Williams Mercedes,68,Styria,2021-06-27,16,1M 5.175S,NA,NA,9,18,1M 6.119S,1.75S,22,19,1M 7.669S,2.257S,32,17,1M 7.18S,1.27S,31,2021
Nikita Mazepin MAZ,18,0,Haas Ferrari,68,Styria,2021-06-27,20,1M 6.192S,NA,NA,9,20,1M 6.692S,2.323S,22,18,1M 7.404S,1.992S,30,20,1M 8.081S,2.171S,31,2021
George Russell RUS,NA,0,Williams Mercedes,36,Styria,2021-06-27,11,1M 5.033S,1M 4.671S,NA,14,14,1M 5.863S,1.494S,23,16,1M 6.628S,1.216S,39,15,1M 6.848S,0.938S,32,2021
Pierre Gasly GAS,NA,0,AlphaTauri Honda,1,Styria,2021-06-27,6,1M 4.765S,1M 4.429S,1M 4.236S,18,6,1M 5.298S,0.929S,22,NA,NA,10S,NA,2,1M 6.166S,0.256S,33,2021
Max Verstappen VER,1,26,Red Bull Racing Honda,71,Austria,2021-07-04,1,1M 4.249S,1M 3.927S,1M 3.72S,16,1,1M 4.591S,0S,15,3,1M 4.74S,0.217S,35,1,1M 5.143S,0S,37,2021
Valtteri Bottas BOT,2,18,Mercedes,71,Austria,2021-07-04,5,1M 4.563S,1M 4.376S,1M 4.049S,19,2,1M 5.129S,0.538S,22,2,1M 4.712S,0.189S,34,4,1M 5.445S,0.302S,31,2021
Lando Norris NOR,3,15,McLaren Mercedes,71,Austria,2021-07-04,2,1M 4.345S,1M 4.415S,1M 3.768S,19,15,1M 5.7S,1.109S,23,9,1M 5.466S,0.943S,34,10,1M 5.88S,0.737S,28,2021
Lewis Hamilton HAM,4,12,Mercedes,71,Austria,2021-07-04,4,1M 4.506S,1M 4.258S,1M 4.014S,18,3,1M 5.277S,0.686S,20,1,1M 4.523S,0S,31,7,1M 5.709S,0.566S,32,2021
Carlos Sainz SAI,5,10,Ferrari,71,Austria,2021-07-04,11,1M 4.596S,1M 4.559S,NA,15,6,1M 5.347S,0.756S,29,13,1M 5.62S,1.097S,37,3,1M 5.431S,0.288S,33,2021
Sergio Perez PER,6,8,Red Bull Racing Honda,71,Austria,2021-07-04,3,1M 4.833S,1M 4.483S,1M 3.99S,24,7,1M 5.396S,0.805S,20,11,1M 5.516S,0.993S,39,8,1M 5.726S,0.583S,31,2021
Daniel Ricciardo RIC,7,6,McLaren Mercedes,71,Austria,2021-07-04,13,1M 4.977S,1M 4.719S,NA,15,16,1M 5.725S,1.134S,21,15,1M 5.698S,1.175S,32,12,1M 6.181S,1.038S,31,2021
Charles Leclerc LEC,8,4,Ferrari,71,Austria,2021-07-04,12,1M 4.906S,1M 4.6S,NA,15,9,1M 5.484S,0.893S,35,16,1M 5.708S,1.185S,33,2,1M 5.409S,0.266S,33,2021
Pierre Gasly GAS,9,2,AlphaTauri Honda,71,Austria,2021-07-04,6,1M 4.841S,1M 4.412S,1M 4.107S,21,4,1M 5.28S,0.689S,27,7,1M 5.379S,0.856S,38,9,1M 5.726S,0.583S,36,2021
Fernando Alonso ALO,10,1,Alpine Renault,70,Austria,2021-07-04,14,1M 4.472S,1M 4.856S,NA,9,8,1M 5.434S,0.843S,23,8,1M 5.393S,0.87S,34,NA,NA,10S,NA,2021
George Russell RUS,11,0,Williams Mercedes,70,Austria,2021-07-04,9,1M 4.907S,1M 4.553S,1M 4.591S,15,14,1M 5.694S,1.103S,23,17,1M 5.819S,1.296S,36,NA,NA,10S,NA,2021
Yuki Tsunoda TSU,12,0,AlphaTauri Honda,70,Austria,2021-07-04,7,1M 4.967S,1M 4.518S,1M 4.273S,21,12,1M 5.561S,0.97S,23,6,1M 5.356S,0.833S,37,5,1M 5.474S,0.331S,35,2021
Lance Stroll STR,13,0,Aston Martin Mercedes,70,Austria,2021-07-04,10,1M 4.927S,1M 4.547S,1M 4.618S,21,11,1M 5.546S,0.955S,19,4,1M 5.139S,0.616S,33,13,1M 6.203S,1.06S,30,2021
Antonio Giovinazzi GIO,14,0,Alfa Romeo Racing Ferrari,70,Austria,2021-07-04,15,1M 4.782S,1M 5.083S,NA,15,5,1M 5.345S,0.754S,27,10,1M 5.511S,0.988S,32,NA,NA,10S,NA,2021
Kimi Räikkönen RAI,15,0,Alfa Romeo Racing Ferrari,70,Austria,2021-07-04,16,1M 5.009S,NA,NA,9,17,1M 5.747S,1.156S,31,14,1M 5.624S,1.101S,33,6,1M 5.586S,0.443S,28,2021
Nicholas Latifi LAT,16,0,Williams Mercedes,70,Austria,2021-07-04,18,1M 5.195S,NA,NA,6,19,1M 6.105S,1.514S,17,19,1M 6.014S,1.491S,38,19,1M 6.978S,1.835S,36,2021
Sebastian Vettel VET,17,0,Aston Martin Mercedes,69,Austria,2021-07-04,8,1M 4.846S,1M 4.493S,1M 4.57S,20,10,1M 5.542S,0.951S,22,5,1M 5.268S,0.745S,37,15,1M 6.444S,1.301S,28,2021
Mick Schumacher MSC,18,0,Haas Ferrari,69,Austria,2021-07-04,19,1M 5.427S,NA,NA,9,18,1M 6.078S,1.487S,26,18,1M 5.911S,1.388S,35,17,1M 6.583S,1.44S,29,2021
Nikita Mazepin MAZ,19,0,Haas Ferrari,69,Austria,2021-07-04,20,1M 5.951S,NA,NA,9,20,1M 6.289S,1.698S,28,20,1M 6.173S,1.65S,35,20,1M 7.316S,2.173S,30,2021
Esteban Ocon OCO,NA,0,Alpine Renault,0,Austria,2021-07-04,17,1M 5.051S,NA,NA,6,13,1M 5.674S,1.083S,22,12,1M 5.527S,1.004S,36,11,1M 5.98S,0.837S,30,2021
Lewis Hamilton HAM,1,25,Mercedes,52,Great.Britain,2021-07-18,1,1M 26.786S,1M 26.023S,1M 26.134S,23,NA,NA,10S,NA,8,1M 31.131S,1.229S,28,3,1M 27.815S,0.78S,30,2021
Charles Leclerc LEC,2,18,Ferrari,52,Great.Britain,2021-07-18,4,1M 27.051S,1M 26.919S,1M 26.828S,20,NA,NA,10S,NA,2,1M 30.277S,0.375S,30,4,1M 27.828S,0.793S,26,2021
Valtteri Bottas BOT,3,15,Mercedes,52,Great.Britain,2021-07-18,3,1M 27.487S,1M 26.764S,1M 26.328S,22,NA,NA,10S,NA,9,1M 31.18S,1.278S,27,5,1M 27.897S,0.862S,30,2021
Lando Norris NOR,4,12,McLaren Mercedes,52,Great.Britain,2021-07-18,6,1M 27.444S,1M 27.22S,1M 26.897S,20,NA,NA,10S,NA,6,1M 31.03S,1.128S,24,2,1M 27.814S,0.779S,26,2021
Daniel Ricciardo RIC,5,10,McLaren Mercedes,52,Great.Britain,2021-07-18,7,1M 27.323S,1M 27.125S,1M 26.899S,22,NA,NA,10S,NA,7,1M 31.034S,1.132S,23,9,1M 28.211S,1.176S,28,2021
Carlos Sainz SAI,6,8,Ferrari,52,Great.Britain,2021-07-18,9,1M 27.337S,1M 26.848S,1M 27.007S,21,NA,NA,10S,NA,3,1M 30.507S,0.605S,29,6,1M 27.923S,0.888S,25,2021
Fernando Alonso ALO,7,6,Alpine Renault,52,Great.Britain,2021-07-18,11,1M 27.58S,1M 27.245S,NA,12,NA,NA,10S,NA,13,1M 31.289S,1.387S,27,14,1M 28.873S,1.838S,24,2021
Lance Stroll STR,8,4,Aston Martin Mercedes,52,Great.Britain,2021-07-18,15,1M 28.017S,1M 27.665S,NA,12,NA,NA,10S,NA,18,1M 32.041S,2.139S,31,18,1M 29.597S,2.562S,21,2021
Esteban Ocon OCO,9,2,Alpine Renault,52,Great.Britain,2021-07-18,13,1M 27.415S,1M 27.34S,NA,12,NA,NA,10S,NA,4,1M 30.707S,0.805S,31,10,1M 28.415S,1.38S,24,2021
Yuki Tsunoda TSU,10,1,AlphaTauri Honda,52,Great.Britain,2021-07-18,16,1M 28.043S,NA,NA,10,NA,NA,10S,NA,16,1M 31.404S,1.502S,32,12,1M 28.6S,1.565S,29,2021
Pierre Gasly GAS,11,0,AlphaTauri Honda,52,Great.Britain,2021-07-18,12,1M 27.6S,1M 27.273S,NA,14,NA,NA,10S,NA,10,1M 31.188S,1.286S,31,11,1M 28.449S,1.414S,28,2021
George Russell RUS,12,0,Williams Mercedes,51,Great.Britain,2021-07-18,8,1M 27.671S,1M 27.08S,1M 26.971S,17,NA,NA,10S,NA,11,1M 31.237S,1.335S,24,20,1M 29.857S,2.822S,29,2021
Antonio Giovinazzi GIO,13,0,Alfa Romeo Racing Ferrari,51,Great.Britain,2021-07-18,14,1M 27.595S,1M 27.617S,NA,15,NA,NA,10S,NA,12,1M 31.263S,1.361S,29,13,1M 28.827S,1.792S,26,2021
Nicholas Latifi LAT,14,0,Williams Mercedes,51,Great.Britain,2021-07-18,18,1M 28.254S,NA,NA,8,NA,NA,10S,NA,15,1M 31.337S,1.435S,30,16,1M 29.227S,2.192S,27,2021
Kimi Räikkönen RAI,15,0,Alfa Romeo Racing Ferrari,51,Great.Britain,2021-07-18,17,1M 28.062S,NA,NA,9,NA,NA,10S,NA,14,1M 31.328S,1.426S,26,15,1M 29.22S,2.185S,27,2021
Sergio Perez PER,16,0,Red Bull Racing Honda,51,Great.Britain,2021-07-18,5,1M 27.121S,1M 27.073S,1M 26.844S,17,NA,NA,10S,NA,5,1M 30.8S,0.898S,27,8,1M 28.163S,1.128S,25,2021
Nikita Mazepin MAZ,17,0,Haas Ferrari,51,Great.Britain,2021-07-18,20,1M 29.051S,NA,NA,9,NA,NA,10S,NA,19,1M 32.474S,2.572S,31,19,1M 29.808S,2.773S,23,2021
Mick Schumacher MSC,18,0,Haas Ferrari,51,Great.Britain,2021-07-18,19,1M 28.738S,NA,NA,10,NA,NA,10S,NA,20,1M 34.017S,4.115S,28,17,1M 29.227S,2.192S,24,2021
Sebastian Vettel VET,NA,0,Aston Martin Mercedes,40,Great.Britain,2021-07-18,10,1M 27.493S,1M 27.103S,1M 27.179S,15,NA,NA,10S,NA,17,1M 31.593S,1.691S,34,7,1M 28.062S,1.027S,23,2021
Max Verstappen VER,NA,0,Red Bull Racing Honda,0,Great.Britain,2021-07-18,2,1M 26.751S,1M 26.315S,1M 26.209S,16,NA,NA,10S,NA,1,1M 29.902S,0S,23,1,1M 27.035S,0S,23,2021
Esteban Ocon OCO,1,25,Alpine Renault,70,Hungary,2021-08-01,8,1M 17.367S,1M 16.766S,1M 16.653S,15,12,1M 18.174S,1.348S,15,4,1M 17.759S,0.747S,29,11,1M 18.765S,1.21S,26,2021
Sebastian Vettel VET,NA,0,Aston Martin Mercedes,70,Hungary,2021-08-01,10,1M 17.105S,1M 16.794S,1M 16.75S,15,13,1M 18.235S,1.409S,15,8,1M 18.228S,1.216S,31,13,1M 18.989S,1.434S,22,2021
Lewis Hamilton HAM,2,18,Mercedes,70,Hungary,2021-08-01,1,1M 16.424S,1M 16.553S,1M 15.419S,19,1,1M 16.826S,0S,20,2,1M 17.039S,0.027S,27,3,1M 17.722S,0.167S,25,2021
Carlos Sainz SAI,3,15,Ferrari,70,Hungary,2021-08-01,15,1M 16.649S,NA,NA,5,4,1M 17.497S,0.671S,20,12,1M 18.441S,1.429S,32,4,1M 18.115S,0.56S,24,2021
Fernando Alonso ALO,4,12,Alpine Renault,70,Hungary,2021-08-01,9,1M 17.123S,1M 16.541S,1M 16.715S,15,9,1M 17.992S,1.166S,15,7,1M 18.169S,1.157S,27,6,1M 18.385S,0.83S,26,2021
Pierre Gasly GAS,5,11,AlphaTauri Honda,70,Hungary,2021-08-01,5,1M 16.874S,1M 16.394S,1M 16.483S,15,11,1M 18.115S,1.289S,17,6,1M 18.113S,1.101S,31,5,1M 18.181S,0.626S,27,2021
Yuki Tsunoda TSU,6,8,AlphaTauri Honda,70,Hungary,2021-08-01,16,1M 17.919S,NA,NA,8,14,1M 18.461S,1.635S,25,17,1M 19.671S,2.659S,3,12,1M 18.77S,1.215S,18,2021
Nicholas Latifi LAT,7,6,Williams Mercedes,70,Hungary,2021-08-01,18,1M 18.036S,NA,NA,8,17,1M 18.821S,1.995S,15,16,1M 19.479S,2.467S,30,16,1M 19.824S,2.269S,24,2021
George Russell RUS,8,4,Williams Mercedes,70,Hungary,2021-08-01,17,1M 17.944S,NA,NA,8,16,1M 18.794S,1.968S,14,15,1M 19.292S,2.28S,29,15,1M 19.724S,2.169S,24,2021
Max Verstappen VER,9,2,Red Bull Racing Honda,70,Hungary,2021-08-01,3,1M 16.214S,1M 15.65S,1M 15.84S,17,2,1M 16.914S,0.088S,13,3,1M 17.31S,0.298S,24,1,1M 17.555S,0S,21,2021
Kimi Räikkönen RAI,10,1,Alfa Romeo Racing Ferrari,69,Hungary,2021-08-01,13,1M 17.553S,1M 17.564S,NA,15,15,1M 18.683S,1.857S,21,14,1M 19.277S,2.265S,21,NA,NA,10S,NA,2021
Daniel Ricciardo RIC,11,0,McLaren Mercedes,69,Hungary,2021-08-01,11,1M 17.664S,1M 16.871S,NA,13,8,1M 17.942S,1.116S,15,13,1M 18.737S,1.725S,26,14,1M 19.265S,1.71S,27,2021
Mick Schumacher MSC,12,0,Haas Ferrari,69,Hungary,2021-08-01,NA,NA,NA,NA,NA,19,1M 19.406S,2.58S,15,18,1M 19.817S,2.805S,29,17,1M 20.383S,2.828S,26,2021
Antonio Giovinazzi GIO,13,0,Alfa Romeo Racing Ferrari,69,Hungary,2021-08-01,14,1M 17.776S,1M 17.583S,NA,12,18,1M 19.113S,2.287S,14,19,1M 20.186S,3.174S,28,20,1M 21.889S,4.334S,5,2021
Nikita Mazepin MAZ,NA,0,Haas Ferrari,3,Hungary,2021-08-01,19,1M 18.922S,NA,NA,9,20,1M 19.933S,3.107S,16,20,1M 21.881S,4.869S,28,19,1M 20.992S,3.437S,23,2021
Lando Norris NOR,NA,0,McLaren Mercedes,2,Hungary,2021-08-01,6,1M 17.081S,1M 16.385S,1M 16.489S,17,6,1M 17.772S,0.946S,12,9,1M 18.313S,1.301S,25,9,1M 18.649S,1.094S,26,2021
Valtteri Bottas BOT,NA,0,Mercedes,0,Hungary,2021-08-01,2,1M 16.569S,1M 16.702S,1M 15.734S,18,3,1M 17.055S,0.229S,15,1,1M 17.012S,0S,29,2,1M 17.616S,0.061S,26,2021
Sergio Perez PER,NA,0,Red Bull Racing Honda,0,Hungary,2021-08-01,4,1M 17.233S,1M 16.443S,1M 16.421S,16,7,1M 17.917S,1.091S,12,5,1M 17.824S,0.812S,23,8,1M 18.466S,0.911S,20,2021
Charles Leclerc LEC,NA,0,Ferrari,0,Hungary,2021-08-01,7,1M 17.084S,1M 16.574S,1M 16.496S,17,5,1M 17.52S,0.694S,16,11,1M 18.37S,1.358S,30,7,1M 18.391S,0.836S,23,2021
Lance Stroll STR,NA,0,Aston Martin Mercedes,0,Hungary,2021-08-01,12,1M 17.038S,1M 16.893S,NA,12,10,1M 18.05S,1.224S,16,10,1M 18.32S,1.308S,30,10,1M 18.755S,1.2S,25,2021
Max Verstappen VER,1,12.5,Red Bull Racing Honda,1,Belgium,2021-08-29,1,1M 58.717S,1M 56.559S,1M 59.765S,20,1,1M 56.924S,0S,10,1,1M 44.472S,0S,12,2,1M 45.363S,0.164S,14,2021
George Russell RUS,2,9,Williams Mercedes,1,Belgium,2021-08-29,2,1M 59.864S,1M 56.95S,2M 0.086S,24,9,1M 59.492S,2.568S,9,17,1M 46.665S,2.193S,14,14,1M 46.772S,1.573S,19,2021
Lewis Hamilton HAM,3,7.5,Mercedes,1,Belgium,2021-08-29,3,1M 59.218S,1M 56.229S,2M 0.099S,22,3,1M 57.996S,1.072S,9,3,1M 44.544S,0.072S,13,18,1M 48.224S,3.025S,17,2021
Daniel Ricciardo RIC,4,6,McLaren Mercedes,1,Belgium,2021-08-29,4,2M 1.583S,1M 57.127S,2M 0.864S,22,13,2M 0.456S,3.532S,13,15,1M 46.118S,1.646S,14,12,1M 46.683S,1.484S,20,2021
Sebastian Vettel VET,5,5,Aston Martin Mercedes,1,Belgium,2021-08-29,5,2M 0.175S,1M 56.814S,2M 0.935S,23,8,1M 59.436S,2.512S,15,8,1M 45.336S,0.864S,16,7,1M 46.177S,0.978S,19,2021
Pierre Gasly GAS,6,4,AlphaTauri Honda,1,Belgium,2021-08-29,6,2M 0.387S,1M 56.44S,2M 1.164S,23,7,1M 59.324S,2.4S,14,5,1M 44.965S,0.493S,17,3,1M 45.699S,0.5S,20,2021
Esteban Ocon OCO,7,3,Alpine Renault,1,Belgium,2021-08-29,9,2M 1.824S,1M 57.354S,2M 3.513S,23,5,1M 58.913S,1.989S,15,7,1M 45.302S,0.83S,15,9,1M 46.497S,1.298S,16,2021
Charles Leclerc LEC,8,2,Ferrari,1,Belgium,2021-08-29,11,2M 0.728S,1M 57.721S,NA,16,16,2M 1.37S,4.446S,14,18,1M 46.836S,2.364S,13,4,1M 45.818S,0.619S,19,2021
Nicholas Latifi LAT,9,1,Williams Mercedes,1,Belgium,2021-08-29,12,2M 0.966S,1M 58.056S,NA,17,12,1M 59.981S,3.057S,11,16,1M 46.198S,1.726S,17,16,1M 47.101S,1.902S,20,2021
Carlos Sainz SAI,10,0.5,Ferrari,1,Belgium,2021-08-29,13,2M 1.184S,1M 58.137S,NA,15,14,2M 0.749S,3.825S,17,11,1M 45.517S,1.045S,14,5,1M 45.935S,0.736S,20,2021
Fernando Alonso ALO,11,0,Alpine Renault,1,Belgium,2021-08-29,14,2M 1.653S,1M 58.205S,NA,16,10,1M 59.613S,2.689S,16,4,1M 44.953S,0.481S,15,10,1M 46.612S,1.413S,16,2021
Valtteri Bottas BOT,12,0,Mercedes,1,Belgium,2021-08-29,8,1M 59.87S,1M 56.295S,2M 2.502S,22,11,1M 59.808S,2.884S,14,2,1M 44.513S,0.041S,14,1,1M 45.199S,0S,18,2021
Antonio Giovinazzi GIO,13,0,Alfa Romeo Racing Ferrari,1,Belgium,2021-08-29,16,2M 2.306S,NA,NA,9,18,2M 1.512S,4.588S,20,13,1M 45.789S,1.317S,16,13,1M 46.755S,1.556S,17,2021
Lando Norris NOR,14,0,McLaren Mercedes,1,Belgium,2021-08-29,10,1M 58.301S,1M 56.025S,NA,19,4,1M 58.509S,1.585S,11,9,1M 45.386S,0.914S,18,8,1M 46.336S,1.137S,17,2021
Yuki Tsunoda TSU,15,0,AlphaTauri Honda,1,Belgium,2021-08-29,17,2M 2.413S,NA,NA,9,17,2M 1.51S,4.586S,20,12,1M 45.758S,1.286S,17,15,1M 46.928S,1.729S,19,2021
Mick Schumacher MSC,16,0,Haas Ferrari,1,Belgium,2021-08-29,18,2M 3.973S,NA,NA,9,15,2M 1.269S,4.345S,18,20,1M 47.529S,3.057S,15,20,1M 49.059S,3.86S,15,2021
Nikita Mazepin MAZ,17,0,Haas Ferrari,1,Belgium,2021-08-29,20,2M 4.939S,NA,NA,8,19,2M 1.792S,4.868S,19,19,1M 47.335S,2.863S,14,19,1M 48.705S,3.506S,16,2021
Kimi Räikkönen RAI,18,0,Alfa Romeo Racing Ferrari,1,Belgium,2021-08-29,19,2M 4.452S,NA,NA,9,20,2M 4.382S,7.458S,3,14,1M 45.967S,1.495S,18,17,1M 48.125S,2.926S,15,2021
Sergio Perez PER,19,0,Red Bull Racing Honda,1,Belgium,2021-08-29,7,1M 59.334S,1M 56.886S,2M 2.112S,22,2,1M 57.871S,0.947S,7,10,1M 45.404S,0.932S,13,6,1M 46.127S,0.928S,17,2021
Lance Stroll STR,20,0,Aston Martin Mercedes,1,Belgium,2021-08-29,15,2M 1.597S,1M 58.231S,NA,16,6,1M 59.205S,2.281S,16,6,1M 45.18S,0.708S,14,11,1M 46.649S,1.45S,19,2021
Max Verstappen VER,1,25,Red Bull Racing Honda,72,Netherlands,2021-09-05,1,1M 10.036S,1M 9.071S,1M 8.885S,15,1,1M 9.623S,0S,13,5,1M 11.264S,0.362S,28,2,1M 11.597S,0.097S,18,2021
Lewis Hamilton HAM,2,19,Mercedes,72,Netherlands,2021-09-05,2,1M 10.114S,1M 9.726S,1M 8.923S,17,3,1M 10.417S,0.794S,22,11,1M 11.911S,1.009S,3,1,1M 11.5S,0S,17,2021
Valtteri Bottas BOT,3,15,Mercedes,72,Netherlands,2021-09-05,3,1M 10.219S,1M 9.769S,1M 9.222S,17,2,1M 10.179S,0.556S,17,4,1M 11.132S,0.23S,33,5,1M 11.738S,0.238S,18,2021
Pierre Gasly GAS,4,12,AlphaTauri Honda,71,Netherlands,2021-09-05,4,1M 10.274S,1M 9.541S,1M 9.478S,17,10,1M 11.005S,1.382S,21,7,1M 11.462S,0.56S,29,10,1M 12.515S,1.015S,19,2021
Charles Leclerc LEC,5,10,Ferrari,71,Netherlands,2021-09-05,5,1M 9.829S,1M 9.437S,1M 9.527S,18,9,1M 10.896S,1.273S,20,1,1M 10.902S,0S,29,4,1M 11.623S,0.123S,18,2021
Fernando Alonso ALO,6,8,Alpine Renault,71,Netherlands,2021-09-05,9,1M 10.435S,1M 10.02S,1M 9.956S,13,5,1M 10.67S,1.047S,16,6,1M 11.28S,0.378S,30,6,1M 12.158S,0.658S,18,2021
Carlos Sainz SAI,7,6,Ferrari,71,Netherlands,2021-09-05,6,1M 10.022S,1M 9.87S,1M 9.537S,19,16,1M 11.94S,2.317S,5,2,1M 11.056S,0.154S,28,3,1M 11.601S,0.101S,19,2021
Sergio Perez PER,8,4,Red Bull Racing Honda,71,Netherlands,2021-09-05,16,1M 10.53S,NA,NA,9,4,1M 10.526S,0.903S,20,12,1M 11.946S,1.044S,27,16,1M 13.328S,1.828S,18,2021
Esteban Ocon OCO,9,2,Alpine Renault,71,Netherlands,2021-09-05,8,1M 10.179S,1M 9.919S,1M 9.933S,17,13,1M 11.18S,1.557S,23,3,1M 11.074S,0.172S,33,7,1M 12.231S,0.731S,17,2021
Lando Norris NOR,10,1,McLaren Mercedes,71,Netherlands,2021-09-05,13,1M 10.489S,1M 10.406S,NA,13,6,1M 10.781S,1.158S,19,8,1M 11.488S,0.586S,27,11,1M 12.679S,1.179S,18,2021
Daniel Ricciardo RIC,11,0,McLaren Mercedes,71,Netherlands,2021-09-05,10,1M 10.255S,1M 9.865S,1M 10.166S,17,11,1M 11.013S,1.39S,19,15,1M 12.157S,1.255S,25,14,1M 13.081S,1.581S,18,2021
Lance Stroll STR,12,0,Aston Martin Mercedes,70,Netherlands,2021-09-05,12,1M 10.438S,1M 10.367S,NA,13,7,1M 10.842S,1.219S,19,14,1M 12.136S,1.234S,29,9,1M 12.431S,0.931S,18,2021
Sebastian Vettel VET,13,0,Aston Martin Mercedes,70,Netherlands,2021-09-05,17,1M 10.731S,NA,NA,7,8,1M 10.872S,1.249S,20,10,1M 11.713S,0.811S,24,19,1M 15.984S,4.484S,6,2021
Antonio Giovinazzi GIO,14,0,Alfa Romeo Racing Ferrari,70,Netherlands,2021-09-05,7,1M 10.05S,1M 10.033S,1M 9.59S,17,15,1M 11.299S,1.676S,20,9,1M 11.678S,0.776S,30,8,1M 12.359S,0.859S,18,2021
Robert Kubica KUB,15,0,Alfa Romeo Racing Ferrari,70,Netherlands,2021-09-05,18,1M 11.301S,NA,NA,9,19,1M 12.162S,2.539S,28,NA,NA,10S,NA,NA,NA,10S,NA,2021
Nicholas Latifi LAT,16,0,Williams Mercedes,70,Netherlands,2021-09-05,14,1M 10.093S,1M 11.161S,NA,16,12,1M 11.083S,1.46S,19,18,1M 12.61S,1.708S,27,12,1M 12.907S,1.407S,16,2021
George Russell RUS,17,0,Williams Mercedes,69,Netherlands,2021-09-05,11,1M 10.382S,1M 10.332S,NA,13,14,1M 11.274S,1.651S,20,20,1M 12.855S,1.953S,30,15,1M 13.181S,1.681S,15,2021
Mick Schumacher MSC,18,0,Haas Ferrari,69,Netherlands,2021-09-05,19,1M 11.387S,NA,NA,11,20,1M 12.366S,2.743S,20,17,1M 12.607S,1.705S,31,18,1M 13.847S,2.347S,17,2021
Yuki Tsunoda TSU,NA,0,AlphaTauri Honda,48,Netherlands,2021-09-05,15,1M 10.462S,1M 11.314S,NA,15,17,1M 11.98S,2.357S,29,13,1M 12.096S,1.194S,31,20,NA,0S,3,2021
Nikita Mazepin MAZ,NA,0,Haas Ferrari,41,Netherlands,2021-09-05,20,1M 11.875S,NA,NA,10,18,1M 12.136S,2.513S,23,19,1M 12.835S,1.933S,12,17,1M 13.516S,2.016S,14,2021
Daniel Ricciardo RIC,1,26,McLaren Mercedes,53,Italy,2021-09-12,5,1M 21.292S,1M 20.435S,1M 19.995S,17,NA,NA,10S,NA,12,1M 24.774S,1.528S,24,9,1M 22.003S,1.077S,27,2021
Lando Norris NOR,2,18,McLaren Mercedes,53,Italy,2021-09-12,4,1M 20.916S,1M 20.059S,1M 19.989S,21,NA,NA,10S,NA,10,1M 24.665S,1.419S,27,12,1M 22.103S,1.177S,27,2021
Valtteri Bottas BOT,3,15,Mercedes,53,Italy,2021-09-12,1,1M 20.685S,1M 20.032S,1M 19.555S,18,NA,NA,10S,NA,2,1M 23.468S,0.222S,24,3,1M 21.451S,0.525S,29,2021
Charles Leclerc LEC,4,12,Ferrari,53,Italy,2021-09-12,8,1M 21.219S,1M 20.767S,1M 20.51S,18,NA,NA,10S,NA,11,1M 24.77S,1.524S,21,11,1M 22.102S,1.176S,25,2021
Sergio Perez PER,5,10,Red Bull Racing Honda,53,Italy,2021-09-12,9,1M 21.308S,1M 20.882S,1M 20.611S,20,NA,NA,10S,NA,4,1M 23.917S,0.671S,29,10,1M 22.039S,1.113S,23,2021
Carlos Sainz SAI,6,8,Ferrari,53,Italy,2021-09-12,7,1M 21.118S,1M 20.75S,1M 20.462S,18,NA,NA,10S,NA,20,1M 26.124S,2.878S,14,7,1M 21.914S,0.988S,26,2021
Lance Stroll STR,7,6,Aston Martin Mercedes,53,Italy,2021-09-12,12,1M 21.415S,1M 21.02S,NA,13,NA,NA,10S,NA,17,1M 25.763S,2.517S,28,4,1M 21.676S,0.75S,23,2021
Fernando Alonso ALO,8,4,Alpine Renault,53,Italy,2021-09-12,13,1M 21.487S,1M 21.069S,NA,11,NA,NA,10S,NA,8,1M 24.539S,1.293S,16,8,1M 21.926S,1S,24,2021
George Russell RUS,9,2,Williams Mercedes,53,Italy,2021-09-12,15,1M 21.89S,1M 21.392S,NA,16,NA,NA,10S,NA,14,1M 25.083S,1.837S,22,17,1M 23.092S,2.166S,31,2021
Esteban Ocon OCO,10,1,Alpine Renault,53,Italy,2021-09-12,14,1M 21.5S,1M 21.103S,NA,12,NA,NA,10S,NA,5,1M 24.263S,1.017S,20,15,1M 22.534S,1.608S,27,2021
Nicholas Latifi LAT,11,0,Williams Mercedes,53,Italy,2021-09-12,16,1M 21.925S,NA,NA,10,NA,NA,10S,NA,13,1M 24.805S,1.559S,23,18,1M 23.442S,2.516S,30,2021
Sebastian Vettel VET,12,0,Aston Martin Mercedes,53,Italy,2021-09-12,11,1M 21.394S,1M 20.913S,NA,14,NA,NA,10S,NA,18,1M 25.935S,2.689S,28,6,1M 21.824S,0.898S,26,2021
Antonio Giovinazzi GIO,13,0,Alfa Romeo Racing Ferrari,53,Italy,2021-09-12,10,1M 21.197S,1M 20.726S,1M 20.808S,16,NA,NA,10S,NA,7,1M 24.502S,1.256S,26,13,1M 22.27S,1.344S,26,2021
Robert Kubica KUB,14,0,Alfa Romeo Racing Ferrari,53,Italy,2021-09-12,19,1M 22.53S,NA,NA,7,NA,NA,10S,NA,6,1M 24.28S,1.034S,28,16,1M 23.009S,2.083S,28,2021
Mick Schumacher MSC,15,0,Haas Ferrari,53,Italy,2021-09-12,18,1M 22.248S,NA,NA,8,NA,NA,10S,NA,19,1M 26.012S,2.766S,25,20,1M 23.551S,2.625S,23,2021
Nikita Mazepin MAZ,NA,0,Haas Ferrari,41,Italy,2021-09-12,20,1M 22.716S,NA,NA,9,NA,NA,10S,NA,16,1M 25.729S,2.483S,23,19,1M 23.445S,2.519S,23,2021
Lewis Hamilton HAM,NA,0,Mercedes,25,Italy,2021-09-12,2,1M 20.543S,1M 19.936S,1M 19.651S,18,NA,NA,10S,NA,1,1M 23.246S,0S,25,1,1M 20.926S,0S,28,2021
Max Verstappen VER,NA,0,Red Bull Racing Honda,25,Italy,2021-09-12,3,1M 21.035S,1M 20.229S,1M 19.966S,19,NA,NA,10S,NA,3,1M 23.662S,0.416S,23,2,1M 21.378S,0.452S,22,2021
Pierre Gasly GAS,NA,0,AlphaTauri Honda,3,Italy,2021-09-12,6,1M 21.44S,1M 20.556S,1M 20.26S,16,NA,NA,10S,NA,9,1M 24.654S,1.408S,24,5,1M 21.719S,0.793S,28,2021
Yuki Tsunoda TSU,NA,0,AlphaTauri Honda,0,Italy,2021-09-12,17,1M 21.973S,NA,NA,9,NA,NA,10S,NA,15,1M 25.422S,2.176S,32,14,1M 22.53S,1.604S,31,2021
Lewis Hamilton HAM,1,25,Mercedes,53,Russia,2021-09-26,4,1M 45.992S,1M 45.129S,1M 44.05S,24,NA,NA,10S,NA,2,1M 33.637S,0.044S,22,2,1M 34.638S,0.211S,23,2021
Max Verstappen VER,2,18,Red Bull Racing Honda,53,Russia,2021-09-26,20,NA,NA,NA,2,NA,NA,10S,NA,6,1M 34.621S,1.028S,20,3,1M 34.654S,0.227S,13,2021
Carlos Sainz SAI,3,15,Ferrari,53,Russia,2021-09-26,2,1M 47.924S,1M 46.521S,1M 42.51S,25,NA,NA,10S,NA,7,1M 34.678S,1.085S,22,7,1M 35.811S,1.384S,25,2021
Daniel Ricciardo RIC,4,12,McLaren Mercedes,53,Russia,2021-09-26,5,1M 48.345S,1M 46.361S,1M 44.156S,23,NA,NA,10S,NA,17,1M 35.63S,2.037S,12,14,1M 36.877S,2.45S,23,2021
Valtteri Bottas BOT,5,10,Mercedes,53,Russia,2021-09-26,7,1M 46.396S,1M 45.306S,1M 44.71S,24,NA,NA,10S,NA,1,1M 33.593S,0S,19,1,1M 34.427S,0S,25,2021
Fernando Alonso ALO,6,8,Alpine Renault,53,Russia,2021-09-26,6,1M 47.877S,1M 45.514S,1M 44.204S,25,NA,NA,10S,NA,8,1M 34.762S,1.169S,21,10,1M 36.225S,1.798S,21,2021
Lando Norris NOR,7,7,McLaren Mercedes,53,Russia,2021-09-26,1,1M 47.238S,1M 45.827S,1M 41.993S,23,NA,NA,10S,NA,4,1M 34.154S,0.561S,17,8,1M 35.959S,1.532S,24,2021
Kimi Räikkönen RAI,8,4,Alfa Romeo Racing Ferrari,53,Russia,2021-09-26,16,1M 49.586S,NA,NA,10,NA,NA,10S,NA,12,1M 35.052S,1.459S,23,15,1M 36.952S,2.525S,20,2021
Sergio Perez PER,9,2,Red Bull Racing Honda,53,Russia,2021-09-26,9,1M 46.455S,1M 45.834S,1M 45.337S,24,NA,NA,10S,NA,11,1M 34.938S,1.345S,22,9,1M 36.188S,1.761S,22,2021
George Russell RUS,10,1,Williams Mercedes,53,Russia,2021-09-26,3,1M 48.303S,1M 46.435S,1M 42.983S,26,NA,NA,10S,NA,13,1M 35.094S,1.501S,19,17,1M 38.013S,3.586S,23,2021
Lance Stroll STR,11,0,Aston Martin Mercedes,53,Russia,2021-09-26,8,1M 48.322S,1M 46.36S,1M 44.956S,23,NA,NA,10S,NA,15,1M 35.334S,1.741S,21,12,1M 36.522S,2.095S,21,2021
Sebastian Vettel VET,12,0,Aston Martin Mercedes,52,Russia,2021-09-26,11,1M 47.205S,1M 46.573S,NA,18,NA,NA,10S,NA,9,1M 34.837S,1.244S,22,5,1M 35.781S,1.354S,23,2021
Pierre Gasly GAS,13,0,AlphaTauri Honda,52,Russia,2021-09-26,12,1M 47.828S,1M 46.641S,NA,18,NA,NA,10S,NA,3,1M 33.845S,0.252S,22,6,1M 35.794S,1.367S,24,2021
Esteban Ocon OCO,14,0,Alpine Renault,52,Russia,2021-09-26,10,1M 48.099S,1M 46.07S,1M 45.865S,25,NA,NA,10S,NA,5,1M 34.402S,0.809S,23,11,1M 36.236S,1.809S,25,2021
Charles Leclerc LEC,15,0,Ferrari,52,Russia,2021-09-26,15,1M 48.47S,NA,NA,10,NA,NA,10S,NA,10,1M 34.925S,1.332S,24,4,1M 35.117S,0.69S,22,2021
Antonio Giovinazzi GIO,16,0,Alfa Romeo Racing Ferrari,52,Russia,2021-09-26,18,1M 51.023S,NA,NA,9,NA,NA,10S,NA,14,1M 35.178S,1.585S,14,13,1M 36.795S,2.368S,23,2021
Yuki Tsunoda TSU,17,0,AlphaTauri Honda,52,Russia,2021-09-26,13,1M 48.854S,1M 46.751S,NA,20,NA,NA,10S,NA,18,1M 35.954S,2.361S,23,16,1M 37.794S,3.367S,26,2021
Nikita Mazepin MAZ,18,0,Haas Ferrari,51,Russia,2021-09-26,19,1M 53.764S,NA,NA,10,NA,NA,10S,NA,19,1M 36.099S,2.506S,19,19,1M 38.586S,4.159S,22,2021
Nicholas Latifi LAT,19,0,Williams Mercedes,47,Russia,2021-09-26,14,1M 48.252S,NA,NA,12,NA,NA,10S,NA,16,1M 35.411S,1.818S,19,18,1M 38.155S,3.728S,21,2021
Mick Schumacher MSC,NA,0,Haas Ferrari,32,Russia,2021-09-26,17,1M 49.83S,NA,NA,10,NA,NA,10S,NA,20,1M 36.23S,2.637S,20,20,1M 38.977S,4.55S,23,2021
Valtteri Bottas BOT,1,26,Mercedes,58,Turkey,2021-10-10,2,1M 25.047S,1M 23.579S,1M 22.998S,27,9,1M 31.996S,1.549S,8,3,1M 24.214S,0.41S,31,4,1M 24.842S,0.664S,28,2021
Max Verstappen VER,2,18,Red Bull Racing Honda,58,Turkey,2021-10-10,3,1M 24.592S,1M 23.732S,1M 23.196S,25,2,1M 30.611S,0.164S,11,5,1M 24.439S,0.635S,27,2,1M 24.603S,0.425S,24,2021
Sergio Perez PER,3,15,Red Bull Racing Honda,58,Turkey,2021-10-10,7,1M 24.963S,1M 23.961S,1M 23.706S,24,3,1M 30.684S,0.237S,13,4,1M 24.373S,0.569S,28,10,1M 25.459S,1.281S,24,2021
Charles Leclerc LEC,4,12,Ferrari,58,Turkey,2021-10-10,4,1M 24.869S,1M 24.015S,1M 23.265S,30,5,1M 31.543S,1.096S,18,2,1M 23.97S,0.166S,29,3,1M 24.654S,0.476S,27,2021
Lewis Hamilton HAM,5,10,Mercedes,58,Turkey,2021-10-10,1,1M 24.585S,1M 23.082S,1M 22.868S,28,18,1M 33.636S,3.189S,5,1,1M 23.804S,0S,30,1,1M 24.178S,0S,26,2021
Pierre Gasly GAS,6,8,AlphaTauri Honda,58,Turkey,2021-10-10,5,1M 24.704S,1M 23.817S,1M 23.326S,24,1,1M 30.447S,0S,19,9,1M 24.756S,0.952S,32,8,1M 25.382S,1.204S,30,2021
Lando Norris NOR,7,6,McLaren Mercedes,58,Turkey,2021-10-10,8,1M 25.138S,1M 24.642S,1M 23.954S,25,15,1M 32.314S,1.867S,18,6,1M 24.525S,0.721S,24,7,1M 25.347S,1.169S,26,2021
Carlos Sainz SAI,8,4,Ferrari,58,Turkey,2021-10-10,15,1M 25.177S,NA,NA,13,4,1M 31.262S,0.815S,22,12,1M 24.903S,1.099S,34,5,1M 24.86S,0.682S,25,2021
Lance Stroll STR,9,2,Aston Martin Mercedes,58,Turkey,2021-10-10,9,1M 25.511S,1M 24.601S,1M 24.305S,23,16,1M 33.348S,2.901S,11,13,1M 25.02S,1.216S,31,17,1M 26.361S,2.183S,29,2021
Esteban Ocon OCO,10,1,Alpine Renault,57,Turkey,2021-10-10,12,1M 25.422S,1M 24.842S,NA,18,10,1M 32.089S,1.642S,17,8,1M 24.672S,0.868S,26,6,1M 24.909S,0.731S,30,2021
Antonio Giovinazzi GIO,11,0,Alfa Romeo Racing Ferrari,57,Turkey,2021-10-10,18,1M 26.43S,NA,NA,11,11,1M 32.097S,1.65S,21,10,1M 24.796S,0.992S,29,14,1M 25.813S,1.635S,24,2021
Kimi Räikkönen RAI,12,0,Alfa Romeo Racing Ferrari,57,Turkey,2021-10-10,19,1M 27.525S,NA,NA,11,7,1M 31.572S,1.125S,17,15,1M 25.143S,1.339S,27,16,1M 25.933S,1.755S,24,2021
Daniel Ricciardo RIC,13,0,McLaren Mercedes,57,Turkey,2021-10-10,16,1M 25.881S,NA,NA,10,14,1M 32.27S,1.823S,18,14,1M 25.06S,1.256S,23,12,1M 25.75S,1.572S,26,2021
Yuki Tsunoda TSU,14,0,AlphaTauri Honda,57,Turkey,2021-10-10,10,1M 25.409S,1M 24.054S,1M 24.368S,24,8,1M 31.981S,1.534S,21,11,1M 24.882S,1.078S,30,18,1M 26.424S,2.246S,28,2021
George Russell RUS,15,0,Williams Mercedes,57,Turkey,2021-10-10,13,1M 25.417S,1M 25.007S,NA,20,20,NA,0S,2,18,1M 25.358S,1.554S,29,11,1M 25.685S,1.507S,25,2021
Fernando Alonso ALO,16,0,Alpine Renault,57,Turkey,2021-10-10,6,1M 25.174S,1M 23.914S,1M 23.477S,24,6,1M 31.545S,1.098S,15,7,1M 24.66S,0.856S,21,9,1M 25.383S,1.205S,26,2021
Nicholas Latifi LAT,17,0,Williams Mercedes,57,Turkey,2021-10-10,17,1M 26.086S,NA,NA,10,19,1M 35.681S,5.234S,8,17,1M 25.307S,1.503S,30,15,1M 25.863S,1.685S,28,2021
Sebastian Vettel VET,18,0,Aston Martin Mercedes,57,Turkey,2021-10-10,11,1M 25.787S,1M 24.795S,NA,19,12,1M 32.111S,1.664S,14,16,1M 25.229S,1.425S,30,13,1M 25.81S,1.632S,26,2021
Mick Schumacher MSC,19,0,Haas Ferrari,56,Turkey,2021-10-10,14,1M 25.555S,1M 25.2S,NA,19,13,1M 32.228S,1.781S,23,19,1M 25.48S,1.676S,26,19,1M 26.636S,2.458S,25,2021
Nikita Mazepin MAZ,20,0,Haas Ferrari,56,Turkey,2021-10-10,20,1M 28.449S,NA,NA,10,17,1M 33.425S,2.978S,14,20,1M 25.698S,1.894S,25,20,1M 27.019S,2.841S,28,2021
Max Verstappen VER,1,25,Red Bull Racing Honda,56,United.States.,2021-10-24,1,1M 34.352S,1M 33.464S,1M 32.91S,16,3,1M 34.912S,0.211S,13,8,1M 35.824S,0.878S,23,3,1M 35.806S,0.932S,16,2021
Lewis Hamilton HAM,2,19,Mercedes,56,United.States.,2021-10-24,2,1M 34.579S,1M 33.797S,1M 33.119S,16,6,1M 35.219S,0.518S,16,3,1M 35.31S,0.364S,22,2,1M 34.919S,0.045S,18,2021
Sergio Perez PER,3,15,Red Bull Racing Honda,56,United.States.,2021-10-24,3,1M 34.369S,1M 34.178S,1M 33.134S,19,1,1M 34.701S,0S,13,1,1M 34.946S,0S,24,7,1M 36.798S,1.924S,20,2021
Charles Leclerc LEC,4,12,Ferrari,56,United.States.,2021-10-24,5,1M 34.153S,1M 33.928S,1M 33.606S,17,9,1M 35.688S,0.987S,17,7,1M 35.572S,0.626S,23,4,1M 36.334S,1.46S,18,2021
Daniel Ricciardo RIC,5,10,McLaren Mercedes,56,United.States.,2021-10-24,7,1M 34.407S,1M 34.643S,1M 33.808S,15,7,1M 35.345S,0.644S,11,5,1M 35.457S,0.511S,21,16,1M 37.458S,2.584S,18,2021
Valtteri Bottas BOT,6,8,Mercedes,56,United.States.,2021-10-24,4,1M 34.59S,1M 33.959S,1M 33.475S,15,5,1M 34.988S,0.287S,15,4,1M 35.36S,0.414S,24,1,1M 34.874S,0S,17,2021
Carlos Sainz SAI,7,6,Ferrari,56,United.States.,2021-10-24,6,1M 34.558S,1M 34.126S,1M 33.792S,15,2,1M 34.805S,0.104S,16,9,1M 35.919S,0.973S,24,5,1M 36.508S,1.634S,20,2021
Lando Norris NOR,8,4,McLaren Mercedes,56,United.States.,2021-10-24,8,1M 34.551S,1M 33.88S,1M 33.887S,14,4,1M 34.945S,0.244S,13,2,1M 35.203S,0.257S,20,8,1M 36.855S,1.981S,11,2021
Yuki Tsunoda TSU,9,2,AlphaTauri Honda,55,United.States.,2021-10-24,10,1M 35.36S,1M 35.137S,1M 34.918S,18,18,1M 36.572S,1.871S,16,16,1M 36.983S,2.037S,24,18,1M 37.954S,3.08S,22,2021
Sebastian Vettel VET,10,1,Aston Martin Mercedes,55,United.States.,2021-10-24,12,1M 35.281S,1M 35.5S,NA,9,11,1M 35.851S,1.15S,18,15,1M 36.718S,1.772S,30,14,1M 36.982S,2.108S,20,2021
Antonio Giovinazzi GIO,11,0,Alfa Romeo Racing Ferrari,55,United.States.,2021-10-24,13,1M 35.92S,1M 35.794S,NA,8,15,1M 36.252S,1.551S,16,10,1M 36.138S,1.192S,26,9,1M 36.874S,2S,18,2021
Lance Stroll STR,12,0,Aston Martin Mercedes,55,United.States.,2021-10-24,16,1M 35.983S,NA,NA,7,16,1M 36.392S,1.691S,13,6,1M 35.561S,0.615S,25,13,1M 36.972S,2.098S,20,2021
Kimi Räikkönen RAI,13,0,Alfa Romeo Racing Ferrari,55,United.States.,2021-10-24,18,1M 36.311S,NA,NA,7,13,1M 36.062S,1.361S,20,14,1M 36.558S,1.612S,25,10,1M 36.876S,2.002S,18,2021
George Russell RUS,14,0,Williams Mercedes,55,United.States.,2021-10-24,15,1M 35.746S,NA,NA,11,12,1M 36.023S,1.322S,9,19,1M 37.49S,2.544S,21,11,1M 36.966S,2.092S,19,2021
Nicholas Latifi LAT,15,0,Williams Mercedes,55,United.States.,2021-10-24,17,1M 35.995S,NA,NA,6,14,1M 36.118S,1.417S,8,18,1M 37.254S,2.308S,26,17,1M 37.463S,2.589S,19,2021
Mick Schumacher MSC,16,0,Haas Ferrari,54,United.States.,2021-10-24,19,1M 36.499S,NA,NA,9,19,1M 36.671S,1.97S,15,17,1M 37.041S,2.095S,24,19,1M 38.866S,3.992S,17,2021
Nikita Mazepin MAZ,17,0,Haas Ferrari,54,United.States.,2021-10-24,20,1M 36.796S,NA,NA,8,20,2M 3.456S,28.75S,15,20,1M 38.026S,3.08S,23,20,1M 42.239S,7.365S,19,2021
Fernando Alonso ALO,NA,0,Alpine Renault,49,United.States.,2021-10-24,14,1M 35.756S,1M 44.549S,NA,12,17,1M 36.49S,1.789S,12,13,1M 36.376S,1.43S,18,15,1M 37.068S,2.194S,12,2021
Esteban Ocon OCO,NA,0,Alpine Renault,40,United.States.,2021-10-24,11,1M 35.747S,1M 35.377S,NA,12,10,1M 35.711S,1.01S,10,11,1M 36.158S,1.212S,23,12,1M 36.97S,2.096S,22,2021
Pierre Gasly GAS,NA,0,AlphaTauri Honda,14,United.States.,2021-10-24,9,1M 34.567S,1M 34.583S,1M 34.118S,17,8,1M 35.398S,0.697S,17,12,1M 36.242S,1.296S,25,6,1M 36.611S,1.737S,18,2021
Max Verstappen VER,1,25,Red Bull Racing Honda,71,Mexico,2021-11-07,3,1M 16.788S,1M 16.483S,1M 16.225S,18,2,1M 17.217S,0.193S,12,1,1M 17.301S,0S,28,3,1M 18.464S,0.123S,28,2021
Lewis Hamilton HAM,2,18,Mercedes,71,Mexico,2021-11-07,2,1M 17.207S,1M 16.474S,1M 16.02S,22,3,1M 17.675S,0.651S,14,3,1M 17.81S,0.509S,26,2,1M 18.417S,0.076S,24,2021
Sergio Perez PER,3,15,Red Bull Racing Honda,71,Mexico,2021-11-07,4,1M 17.003S,1M 17.055S,1M 16.342S,18,1,1M 17.024S,0S,15,4,1M 17.871S,0.57S,26,4,1M 18.61S,0.269S,20,2021
Pierre Gasly GAS,4,12,AlphaTauri Honda,71,Mexico,2021-11-07,5,1M 16.908S,1M 16.955S,1M 16.456S,22,8,1M 18.202S,1.178S,18,6,1M 18.429S,1.128S,29,5,1M 18.985S,0.644S,23,2021
Charles Leclerc LEC,5,10,Ferrari,71,Mexico,2021-11-07,8,1M 16.748S,1M 17.034S,1M 16.837S,22,9,1M 18.213S,1.189S,20,7,1M 18.605S,1.304S,28,8,1M 19.667S,1.326S,20,2021
Carlos Sainz SAI,6,8,Ferrari,70,Mexico,2021-11-07,6,1M 17.517S,1M 17.248S,1M 16.761S,23,5,1M 18.029S,1.005S,20,5,1M 18.318S,1.017S,29,6,1M 19.463S,1.122S,26,2021
Sebastian Vettel VET,7,6,Aston Martin Mercedes,70,Mexico,2021-11-07,11,1M 17.502S,1M 17.746S,NA,16,14,1M 18.614S,1.59S,17,9,1M 18.681S,1.38S,32,10,1M 19.858S,1.517S,27,2021
Kimi Räikkönen RAI,8,4,Alfa Romeo Racing Ferrari,70,Mexico,2021-11-07,12,1M 17.606S,1M 17.958S,NA,18,12,1M 18.531S,1.507S,22,11,1M 18.841S,1.54S,25,12,1M 20.026S,1.685S,26,2021
Fernando Alonso ALO,9,2,Alpine Renault,70,Mexico,2021-11-07,16,1M 18.452S,NA,NA,7,15,1M 18.847S,1.823S,15,10,1M 18.732S,1.431S,27,7,1M 19.656S,1.315S,26,2021
Lando Norris NOR,10,1,McLaren Mercedes,70,Mexico,2021-11-07,10,1M 17.569S,1M 17.473S,1M 36.83S,19,10,1M 18.312S,1.288S,16,12,1M 18.979S,1.678S,27,15,1M 20.301S,1.96S,26,2021
Antonio Giovinazzi GIO,11,0,Alfa Romeo Racing Ferrari,70,Mexico,2021-11-07,14,1M 17.897S,1M 18.29S,NA,15,13,1M 18.556S,1.532S,19,13,1M 19.227S,1.926S,31,16,1M 20.344S,2.003S,27,2021
Daniel Ricciardo RIC,12,0,McLaren Mercedes,70,Mexico,2021-11-07,7,1M 17.719S,1M 17.092S,1M 16.763S,17,7,1M 18.121S,1.097S,15,15,1M 19.521S,2.22S,7,14,1M 20.273S,1.932S,25,2021
Esteban Ocon OCO,13,0,Alpine Renault,70,Mexico,2021-11-07,15,1M 18.126S,1M 18.405S,NA,13,16,1M 18.999S,1.975S,17,14,1M 19.431S,2.13S,37,9,1M 19.759S,1.418S,20,2021
Lance Stroll STR,14,0,Aston Martin Mercedes,69,Mexico,2021-11-07,20,1M 20.873S,NA,NA,3,11,1M 18.352S,1.328S,20,17,1M 19.73S,2.429S,36,13,1M 20.03S,1.689S,27,2021
Valtteri Bottas BOT,15,0,Mercedes,69,Mexico,2021-11-07,1,1M 16.727S,1M 16.864S,1M 15.875S,23,4,1M 17.708S,0.684S,17,2,1M 17.725S,0.424S,31,1,1M 18.341S,0S,28,2021
George Russell RUS,16,0,Williams Mercedes,69,Mexico,2021-11-07,13,1M 17.958S,1M 18.172S,NA,13,17,1M 19.211S,2.187S,19,20,NA,0S,2,17,1M 20.517S,2.176S,23,2021
Nicholas Latifi LAT,17,0,Williams Mercedes,69,Mexico,2021-11-07,17,1M 18.756S,NA,NA,8,19,1M 19.313S,2.289S,12,18,1M 20.82S,3.519S,17,18,1M 21.58S,3.239S,23,2021
Nikita Mazepin MAZ,18,0,Haas Ferrari,68,Mexico,2021-11-07,19,1M 19.303S,NA,NA,9,20,1M 20.479S,3.455S,15,19,1M 21.581S,4.28S,28,20,1M 22.819S,4.478S,24,2021
Mick Schumacher MSC,NA,0,Haas Ferrari,0,Mexico,2021-11-07,18,1M 18.858S,NA,NA,9,18,1M 19.238S,2.214S,14,16,1M 19.62S,2.319S,30,19,1M 22.144S,3.803S,27,2021
Yuki Tsunoda TSU,NA,0,AlphaTauri Honda,0,Mexico,2021-11-07,9,1M 17.33S,1M 16.701S,1M 17.158S,19,6,1M 18.037S,1.013S,25,8,1M 18.644S,1.343S,31,11,1M 20.011S,1.67S,30,2021
Lewis Hamilton HAM,1,25,Mercedes,71,Brazil,2021-11-14,NA,1M 8.733S,1M 8.068S,1M 7.934S,23,NA,NA,10S,NA,5,1M 12.741S,1.503S,25,1,1M 9.05S,0S,31,2021
Max Verstappen VER,2,18,Red Bull Racing Honda,71,Brazil,2021-11-14,1,1M 9.329S,1M 8.499S,1M 8.372S,17,NA,NA,10S,NA,2,1M 12.102S,0.864S,26,2,1M 9.417S,0.367S,22,2021
Valtteri Bottas BOT,3,15,Mercedes,71,Brazil,2021-11-14,2,1M 9.04S,1M 8.426S,1M 8.469S,23,NA,NA,10S,NA,3,1M 12.355S,1.117S,24,4,1M 9.567S,0.517S,30,2021
Sergio Perez PER,4,13,Red Bull Racing Honda,71,Brazil,2021-11-14,3,1M 9.172S,1M 8.973S,1M 8.483S,22,NA,NA,10S,NA,6,1M 12.903S,1.665S,29,3,1M 9.492S,0.442S,28,2021
Charles Leclerc LEC,5,10,Ferrari,71,Brazil,2021-11-14,6,1M 9.155S,1M 8.859S,1M 8.96S,22,NA,NA,10S,NA,9,1M 13.099S,1.861S,33,7,1M 10.142S,1.092S,32,2021
Carlos Sainz SAI,6,8,Ferrari,71,Brazil,2021-11-14,5,1M 9.046S,1M 9.031S,1M 8.826S,19,NA,NA,10S,NA,8,1M 13.078S,1.84S,31,6,1M 10.124S,1.074S,31,2021
Pierre Gasly GAS,7,6,AlphaTauri Honda,70,Brazil,2021-11-14,4,1M 9.347S,1M 8.903S,1M 8.777S,18,NA,NA,10S,NA,14,1M 13.608S,2.37S,32,5,1M 9.88S,0.83S,32,2021
Esteban Ocon OCO,8,4,Alpine Renault,70,Brazil,2021-11-14,10,1M 9.43S,1M 9.189S,NA,14,NA,NA,10S,NA,4,1M 12.407S,1.169S,26,8,1M 10.145S,1.095S,27,2021
Fernando Alonso ALO,9,2,Alpine Renault,70,Brazil,2021-11-14,9,1M 9.391S,1M 9.137S,1M 9.113S,19,NA,NA,10S,NA,1,1M 11.238S,0S,23,9,1M 10.201S,1.151S,26,2021
Lando Norris NOR,10,1,McLaren Mercedes,70,Brazil,2021-11-14,7,1M 9.365S,1M 9.03S,1M 8.98S,22,NA,NA,10S,NA,13,1M 13.581S,2.343S,23,15,1M 10.61S,1.56S,27,2021
Sebastian Vettel VET,11,0,Aston Martin Mercedes,70,Brazil,2021-11-14,11,1M 9.451S,1M 9.399S,NA,15,NA,NA,10S,NA,17,1M 13.747S,2.509S,42,12,1M 10.413S,1.363S,28,2021
Kimi Räikkönen RAI,12,0,Alfa Romeo Racing Ferrari,70,Brazil,2021-11-14,13,1M 9.598S,1M 9.503S,NA,15,NA,NA,10S,NA,10,1M 13.355S,2.117S,39,13,1M 10.443S,1.393S,31,2021
George Russell RUS,13,0,Williams Mercedes,70,Brazil,2021-11-14,17,1M 9.953S,NA,NA,10,NA,NA,10S,NA,15,1M 13.615S,2.377S,24,18,1M 10.938S,1.888S,24,2021
Antonio Giovinazzi GIO,14,0,Alfa Romeo Racing Ferrari,70,Brazil,2021-11-14,14,1M 9.342S,1M 10.227S,NA,14,NA,NA,10S,NA,7,1M 12.997S,1.759S,37,14,1M 10.587S,1.537S,31,2021
Yuki Tsunoda TSU,15,0,AlphaTauri Honda,70,Brazil,2021-11-14,12,1M 9.35S,1M 9.483S,NA,9,NA,NA,10S,NA,16,1M 13.726S,2.488S,38,11,1M 10.374S,1.324S,33,2021
Nicholas Latifi LAT,16,0,Williams Mercedes,70,Brazil,2021-11-14,16,1M 9.897S,NA,NA,9,NA,NA,10S,NA,18,1M 14.025S,2.787S,24,17,1M 10.902S,1.852S,23,2021
Nikita Mazepin MAZ,17,0,Haas Ferrari,69,Brazil,2021-11-14,19,1M 10.589S,NA,NA,10,NA,NA,10S,NA,20,1M 14.909S,3.671S,37,20,1M 11.342S,2.292S,28,2021
Mick Schumacher MSC,18,0,Haas Ferrari,69,Brazil,2021-11-14,18,1M 10.329S,NA,NA,11,NA,NA,10S,NA,19,1M 14.066S,2.828S,40,16,1M 10.885S,1.835S,27,2021
Daniel Ricciardo RIC,NA,0,McLaren Mercedes,49,Brazil,2021-11-14,8,1M 9.374S,1M 9.093S,1M 9.039S,22,NA,NA,10S,NA,12,1M 13.448S,2.21S,25,19,1M 10.99S,1.94S,25,2021
Lance Stroll STR,NA,0,Aston Martin Mercedes,47,Brazil,2021-11-14,15,1M 9.663S,NA,NA,9,NA,NA,10S,NA,11,1M 13.426S,2.188S,41,10,1M 10.352S,1.302S,27,2021
Lewis Hamilton HAM,1,25,Mercedes,57,Qatar,2021-11-21,1,1M 21.901S,1M 21.682S,1M 20.827S,18,2,1M 22.388S,0.078S,16,4,1M 23.57S,0.422S,25,4,1M 24.509S,0.786S,21,2021
Max Verstappen VER,2,19,Red Bull Racing Honda,57,Qatar,2021-11-21,2,1M 21.996S,1M 21.984S,1M 21.424S,18,3,1M 22.651S,0.341S,10,3,1M 23.498S,0.35S,20,1,1M 23.723S,0S,22,2021
Fernando Alonso ALO,3,15,Alpine Renault,57,Qatar,2021-11-21,5,1M 22.422S,1M 21.894S,1M 21.67S,18,7,1M 23.186S,0.876S,13,12,1M 24.056S,0.908S,25,17,1M 25.905S,2.182S,21,2021
Sergio Perez PER,4,12,Red Bull Racing Honda,57,Qatar,2021-11-21,11,1M 22.398S,1M 22.346S,NA,12,5,1M 22.846S,0.536S,14,8,1M 23.787S,0.639S,20,8,1M 24.915S,1.192S,22,2021
Esteban Ocon OCO,5,10,Alpine Renault,57,Qatar,2021-11-21,9,1M 22.565S,1M 22.012S,1M 22.028S,18,8,1M 23.209S,0.899S,18,11,1M 24.041S,0.893S,29,9,1M 24.972S,1.249S,23,2021
Lance Stroll STR,6,8,Aston Martin Mercedes,57,Qatar,2021-11-21,12,1M 22.551S,1M 22.46S,NA,15,15,1M 24.154S,1.844S,17,6,1M 23.705S,0.557S,26,19,1M 26.712S,2.989S,11,2021
Carlos Sainz SAI,7,6,Ferrari,57,Qatar,2021-11-21,7,1M 22.304S,1M 22.241S,1M 21.84S,21,6,1M 23.048S,0.738S,17,10,1M 24.033S,0.885S,28,6,1M 24.713S,0.99S,26,2021
Charles Leclerc LEC,8,4,Ferrari,57,Qatar,2021-11-21,13,1M 22.742S,1M 22.463S,NA,15,9,1M 23.276S,0.966S,17,13,1M 24.095S,0.947S,23,7,1M 24.79S,1.067S,27,2021
Lando Norris NOR,9,2,McLaren Mercedes,56,Qatar,2021-11-21,6,1M 22.839S,1M 22.216S,1M 21.731S,21,13,1M 23.895S,1.585S,16,5,1M 23.632S,0.484S,24,10,1M 25.215S,1.492S,19,2021
Sebastian Vettel VET,10,1,Aston Martin Mercedes,56,Qatar,2021-11-21,10,1M 22.549S,1M 22.146S,1M 22.785S,21,12,1M 23.884S,1.574S,17,9,1M 24.02S,0.872S,27,12,1M 25.328S,1.605S,19,2021
Pierre Gasly GAS,11,0,AlphaTauri Honda,56,Qatar,2021-11-21,4,1M 22.535S,1M 21.728S,1M 21.64S,19,4,1M 22.835S,0.525S,17,2,1M 23.357S,0.209S,27,2,1M 24.16S,0.437S,28,2021
Daniel Ricciardo RIC,12,0,McLaren Mercedes,56,Qatar,2021-11-21,14,1M 22.688S,1M 22.597S,NA,15,11,1M 23.711S,1.401S,14,14,1M 24.135S,0.987S,24,11,1M 25.291S,1.568S,24,2021
Yuki Tsunoda TSU,13,0,AlphaTauri Honda,56,Qatar,2021-11-21,8,1M 22.458S,1M 22.058S,1M 21.881S,18,10,1M 23.567S,1.257S,20,7,1M 23.735S,0.587S,28,5,1M 24.648S,0.925S,27,2021
Kimi Räikkönen RAI,14,0,Alfa Romeo Racing Ferrari,56,Qatar,2021-11-21,16,1M 23.156S,NA,NA,9,16,1M 24.246S,1.936S,19,15,1M 24.631S,1.483S,26,15,1M 25.828S,2.105S,25,2021
Antonio Giovinazzi GIO,15,0,Alfa Romeo Racing Ferrari,56,Qatar,2021-11-21,18,1M 23.262S,NA,NA,8,17,1M 24.288S,1.978S,17,17,1M 25.072S,1.924S,23,14,1M 25.757S,2.034S,23,2021
Mick Schumacher MSC,16,0,Haas Ferrari,56,Qatar,2021-11-21,19,1M 23.407S,NA,NA,9,19,1M 24.68S,2.37S,20,19,1M 25.575S,2.427S,27,18,1M 26.699S,2.976S,21,2021
George Russell RUS,17,0,Williams Mercedes,55,Qatar,2021-11-21,15,1M 22.863S,1M 22.756S,NA,16,14,1M 23.923S,1.613S,17,16,1M 24.954S,1.806S,27,16,1M 25.871S,2.148S,24,2021
Nikita Mazepin MAZ,18,0,Haas Ferrari,55,Qatar,2021-11-21,20,1M 25.859S,NA,NA,9,20,NA,0S,1,NA,NA,10S,NA,20,1M 27.5S,3.777S,16,2021
Nicholas Latifi LAT,NA,0,Williams Mercedes,50,Qatar,2021-11-21,17,1M 23.213S,NA,NA,10,18,1M 24.499S,2.189S,15,18,1M 25.209S,2.061S,28,13,1M 25.688S,1.965S,24,2021
Valtteri Bottas BOT,NA,0,Mercedes,48,Qatar,2021-11-21,3,1M 22.016S,1M 21.991S,1M 21.478S,20,1,1M 22.31S,0S,17,1,1M 23.148S,0S,27,3,1M 24.194S,0.471S,24,2021
Lewis Hamilton HAM,1,26,Mercedes,50,Saudi.Arabia,2021-12-05,1,1M 28.466S,1M 27.712S,1M 27.511S,23,2,1M 28.314S,0.214S,23,1,1M 29.018S,0S,22,1,1M 29.786S,0S,21,2021
Max Verstappen VER,2,18,Red Bull Racing Honda,50,Saudi.Arabia,2021-12-05,3,1M 28.285S,1M 27.953S,1M 27.653S,19,1,1M 28.1S,0S,20,4,1M 29.213S,0.195S,20,2,1M 29.842S,0.056S,23,2021
Valtteri Bottas BOT,3,15,Mercedes,50,Saudi.Arabia,2021-12-05,2,1M 28.057S,1M 28.054S,1M 27.622S,25,6,1M 29.019S,0.919S,19,2,1M 29.079S,0.061S,23,3,1M 30.009S,0.223S,24,2021
Esteban Ocon OCO,4,12,Alpine Renault,50,Saudi.Arabia,2021-12-05,9,1M 28.752S,1M 28.574S,1M 28.647S,22,9,1M 29.177S,1.077S,19,6,1M 29.555S,0.537S,22,12,1M 31.023S,1.237S,29,2021
Daniel Ricciardo RIC,5,10,McLaren Mercedes,50,Saudi.Arabia,2021-12-05,11,1M 28.216S,1M 28.668S,NA,17,14,1M 29.717S,1.617S,19,11,1M 29.968S,0.95S,22,8,1M 30.608S,0.822S,25,2021
Pierre Gasly GAS,6,8,AlphaTauri Honda,50,Saudi.Arabia,2021-12-05,6,1M 28.401S,1M 28.314S,1M 28.125S,26,5,1M 28.715S,0.615S,22,3,1M 29.099S,0.081S,22,4,1M 30.263S,0.477S,28,2021
Charles Leclerc LEC,7,6,Ferrari,50,Saudi.Arabia,2021-12-05,4,1M 28.31S,1M 28.459S,1M 28.054S,24,7,1M 29.101S,1.001S,22,10,1M 29.772S,0.754S,23,7,1M 30.6S,0.814S,26,2021
Carlos Sainz SAI,8,4,Ferrari,50,Saudi.Arabia,2021-12-05,15,1M 28.237S,1M 53.652S,NA,16,8,1M 29.149S,1.049S,19,7,1M 29.589S,0.571S,24,6,1M 30.564S,0.778S,26,2021
Antonio Giovinazzi GIO,9,2,Alfa Romeo Racing Ferrari,50,Saudi.Arabia,2021-12-05,10,1M 28.899S,1M 28.616S,1M 28.754S,21,12,1M 29.59S,1.49S,20,13,1M 30.11S,1.092S,23,5,1M 30.318S,0.532S,27,2021
Lando Norris NOR,10,1,McLaren Mercedes,50,Saudi.Arabia,2021-12-05,7,1M 28.338S,1M 28.344S,1M 28.18S,21,10,1M 29.3S,1.2S,18,12,1M 30.004S,0.986S,19,13,1M 31.029S,1.243S,23,2021
Lance Stroll STR,11,0,Aston Martin Mercedes,50,Saudi.Arabia,2021-12-05,18,1M 29.368S,NA,NA,9,15,1M 30.03S,1.93S,14,15,1M 30.442S,1.424S,22,14,1M 31.044S,1.258S,25,2021
Nicholas Latifi LAT,12,0,Williams Mercedes,50,Saudi.Arabia,2021-12-05,16,1M 29.177S,NA,NA,9,18,1M 30.366S,2.266S,17,19,1M 31.039S,2.021S,23,19,1M 31.821S,2.035S,27,2021
Fernando Alonso ALO,13,0,Alpine Renault,49,Saudi.Arabia,2021-12-05,13,1M 28.944S,1M 28.92S,NA,17,11,1M 29.418S,1.318S,21,5,1M 29.441S,0.423S,21,9,1M 30.842S,1.056S,27,2021
Yuki Tsunoda TSU,14,0,AlphaTauri Honda,49,Saudi.Arabia,2021-12-05,8,1M 28.503S,1M 28.222S,1M 28.442S,26,4,1M 28.641S,0.541S,20,8,1M 29.597S,0.579S,20,15,1M 31.099S,1.313S,26,2021
Kimi Räikkönen RAI,15,0,Alfa Romeo Racing Ferrari,49,Saudi.Arabia,2021-12-05,12,1M 28.856S,1M 28.885S,NA,18,13,1M 29.689S,1.589S,24,14,1M 30.276S,1.258S,24,16,1M 31.296S,1.51S,26,2021
Sebastian Vettel VET,NA,0,Aston Martin Mercedes,44,Saudi.Arabia,2021-12-05,17,1M 29.198S,NA,NA,10,17,1M 30.296S,2.196S,15,16,1M 30.502S,1.484S,22,10,1M 30.886S,1.1S,25,2021
Sergio Perez PER,NA,0,Red Bull Racing Honda,14,Saudi.Arabia,2021-12-05,5,1M 28.021S,1M 27.946S,1M 28.123S,23,3,1M 28.629S,0.529S,21,9,1M 29.768S,0.75S,22,11,1M 30.96S,1.174S,27,2021
Nikita Mazepin MAZ,NA,0,Haas Ferrari,14,Saudi.Arabia,2021-12-05,20,1M 30.473S,NA,NA,8,20,1M 30.979S,2.879S,23,20,1M 31.629S,2.611S,20,20,1M 33.464S,3.678S,23,2021
George Russell RUS,NA,0,Williams Mercedes,14,Saudi.Arabia,2021-12-05,14,1M 28.926S,1M 29.054S,NA,17,16,1M 30.034S,1.934S,17,17,1M 30.506S,1.488S,24,17,1M 31.343S,1.557S,28,2021
Mick Schumacher MSC,NA,0,Haas Ferrari,8,Saudi.Arabia,2021-12-05,19,1M 29.464S,NA,NA,9,19,1M 30.933S,2.833S,20,18,1M 30.652S,1.634S,20,18,1M 31.525S,1.739S,24,2021
Max Verstappen VER,1,26,Red Bull Racing Honda,58,Abu.Dhabi,2021-12-12,1,1M 23.322S,1M 22.8S,1M 22.109S,20,2,1M 23.488S,0.214S,23,4,1M 24.332S,0.641S,25,1,1M 25.009S,0S,23,2021
Lewis Hamilton HAM,2,18,Mercedes,58,Abu.Dhabi,2021-12-12,2,1M 22.845S,1M 23.145S,1M 22.48S,19,1,1M 23.274S,0S,23,1,1M 23.691S,0S,26,3,1M 25.355S,0.346S,25,2021
Carlos Sainz SAI,3,15,Ferrari,58,Abu.Dhabi,2021-12-12,5,1M 23.624S,1M 23.174S,1M 22.992S,22,8,1M 24.595S,1.321S,20,9,1M 24.844S,1.153S,29,9,1M 25.886S,0.877S,26,2021
Yuki Tsunoda TSU,4,12,AlphaTauri Honda,58,Abu.Dhabi,2021-12-12,8,1M 23.428S,1M 23.404S,1M 23.22S,22,6,1M 24.223S,0.949S,22,7,1M 24.532S,0.841S,26,5,1M 25.378S,0.369S,23,2021
Pierre Gasly GAS,5,10,AlphaTauri Honda,58,Abu.Dhabi,2021-12-12,12,1M 23.489S,1M 24.043S,NA,16,7,1M 24.251S,0.977S,22,10,1M 24.94S,1.249S,27,7,1M 25.822S,0.813S,28,2021
Valtteri Bottas BOT,6,8,Mercedes,58,Abu.Dhabi,2021-12-12,6,1M 23.117S,1M 23.246S,1M 23.036S,20,3,1M 24.025S,0.751S,21,3,1M 24.083S,0.392S,29,2,1M 25.205S,0.196S,27,2021
Lando Norris NOR,7,6,McLaren Mercedes,58,Abu.Dhabi,2021-12-12,3,1M 23.553S,1M 23.256S,1M 22.931S,20,5,1M 24.106S,0.832S,17,13,1M 25.153S,1.462S,27,12,1M 26.123S,1.114S,26,2021
Fernando Alonso ALO,8,4,Alpine Renault,58,Abu.Dhabi,2021-12-12,11,1M 23.846S,1M 23.46S,NA,12,15,1M 25.094S,1.82S,19,6,1M 24.495S,0.804S,27,6,1M 25.625S,0.616S,26,2021
Esteban Ocon OCO,9,2,Alpine Renault,58,Abu.Dhabi,2021-12-12,9,1M 23.764S,1M 23.42S,1M 23.389S,20,12,1M 24.834S,1.56S,18,2,1M 24.034S,0.343S,29,11,1M 26.025S,1.016S,25,2021
Charles Leclerc LEC,10,1,Ferrari,58,Abu.Dhabi,2021-12-12,7,1M 23.467S,1M 23.202S,1M 23.122S,23,10,1M 24.758S,1.484S,21,8,1M 24.557S,0.866S,29,8,1M 25.846S,0.837S,20,2021
Sebastian Vettel VET,11,0,Aston Martin Mercedes,58,Abu.Dhabi,2021-12-12,15,1M 24.225S,1M 24.305S,NA,18,16,1M 25.115S,1.841S,25,14,1M 25.195S,1.504S,27,10,1M 26.007S,0.998S,26,2021
Daniel Ricciardo RIC,12,0,McLaren Mercedes,57,Abu.Dhabi,2021-12-12,10,1M 23.829S,1M 23.448S,1M 23.409S,19,9,1M 24.733S,1.459S,16,11,1M 24.959S,1.268S,26,16,1M 26.676S,1.667S,29,2021
Lance Stroll STR,13,0,Aston Martin Mercedes,57,Abu.Dhabi,2021-12-12,13,1M 24.061S,1M 24.066S,NA,17,11,1M 24.821S,1.547S,22,15,1M 25.385S,1.694S,26,15,1M 26.608S,1.599S,26,2021
Mick Schumacher MSC,14,0,Haas Ferrari,57,Abu.Dhabi,2021-12-12,19,1M 24.906S,NA,NA,9,19,1M 25.34S,2.066S,18,19,1M 25.784S,2.093S,27,19,1M 27.698S,2.689S,24,2021
Sergio Perez PER,15,0,Red Bull Racing Honda,55,Abu.Dhabi,2021-12-12,4,1M 23.35S,1M 23.135S,1M 22.947S,24,4,1M 24.047S,0.773S,21,5,1M 24.4S,0.709S,26,4,1M 25.363S,0.354S,24,2021
Nicholas Latifi LAT,NA,0,Williams Mercedes,50,Abu.Dhabi,2021-12-12,16,1M 24.338S,NA,NA,8,18,1M 25.322S,2.048S,19,18,1M 25.687S,1.996S,22,18,1M 27.487S,2.478S,27,2021
Antonio Giovinazzi GIO,NA,0,Alfa Romeo Racing Ferrari,33,Abu.Dhabi,2021-12-12,14,1M 24.118S,1M 24.251S,NA,17,14,1M 25.048S,1.774S,18,12,1M 25.108S,1.417S,27,14,1M 26.409S,1.4S,25,2021
George Russell RUS,NA,0,Williams Mercedes,26,Abu.Dhabi,2021-12-12,17,1M 24.423S,NA,NA,7,17,1M 25.22S,1.946S,22,17,1M 25.549S,1.858S,29,NA,NA,10S,NA,2021
Kimi Räikkönen RAI,NA,0,Alfa Romeo Racing Ferrari,25,Abu.Dhabi,2021-12-12,18,1M 24.779S,NA,NA,8,13,1M 25.037S,1.763S,23,16,1M 25.44S,1.749S,23,13,1M 26.189S,1.18S,25,2021
Nikita Mazepin MAZ,NA,0,Haas Ferrari,0,Abu.Dhabi,2021-12-12,20,1M 25.685S,NA,NA,9,20,1M 26.332S,3.058S,19,20,1M 26.336S,2.645S,26,20,1M 28.305S,3.296S,22,2021
